,,,,
,Report Name:,unreg,Creation Date:,"Mar 1, 2018 12:47:00 PM -05:00"
,Created By:,prose@sip.inet,,
S. No.,IP STATION Ext,IP STATION Port,Registered?,System
1,10000,S19658,n,CM-TOR-1
2,10002,S25292,n,CM-TOR-1
3,10003,S73370,n,CM-TOR-1
4,10999,S57255,n,CM-TOR-1
5,20038,S44970,n,CM-TOR-1
6,20062,S45000,n,CM-TOR-1
7,20063,S59046,n,CM-TOR-1
8,20065,S53131,n,CM-TOR-1
9,20098,S34195,n,CM-TOR-1
10,20190,S63588,n,CM-TOR-1
11,20199,S45072,n,CM-TOR-1
12,23055,S73228,n,CM-TOR-1
13,23102,S45213,n,CM-TOR-1
14,23192,S67268,n,CM-TOR-1
15,23212,S63237,n,CM-TOR-1
16,23742,S45534,n,CM-TOR-1
17,23904,S45546,n,CM-TOR-1
18,24090,S34197,n,CM-TOR-1
19,25211,S64927,n,CM-TOR-1
20,25212,S64928,n,CM-TOR-1
21,25213,S64929,n,CM-TOR-1
22,25227,S46923,n,CM-TOR-1
23,28519,S52087,n,CM-TOR-1
24,28528,S51371,n,CM-TOR-1
25,30170,S51005,n,CM-TOR-1
26,30177,S73192,n,CM-TOR-1
27,30266,S50794,n,CM-TOR-1
28,30303,S51733,n,CM-TOR-1
29,30310,S59202,n,CM-TOR-1
30,30342,S43564,n,CM-TOR-1
31,30379,S17219,n,CM-TOR-1
32,30444,S44251,n,CM-TOR-1
33,30457,S43642,n,CM-TOR-1
34,30471,S17306,n,CM-TOR-1
35,30512,S65047,n,CM-TOR-1
36,30537,S17387,n,CM-TOR-1
37,30556,S43699,n,CM-TOR-1
38,30685,S51578,n,CM-TOR-1
39,30732,S43861,n,CM-TOR-1
40,30842,S43966,n,CM-TOR-1
41,30857,S43984,n,CM-TOR-1
42,30865,S48981,n,CM-TOR-1
43,30869,S43996,n,CM-TOR-1
44,30916,S51727,n,CM-TOR-1
45,30998,S61099,n,CM-TOR-1
46,30999,S61100,n,CM-TOR-1
47,31002,S63285,n,CM-TOR-1
48,31434,S44778,n,CM-TOR-1
49,34111,S34194,n,CM-TOR-1
50,34613,S19181,n,CM-TOR-1
51,36485,S51274,n,CM-TOR-1
52,36595,S63632,n,CM-TOR-1
53,39506,S40143,n,CM-TOR-1
54,39527,S51217,n,CM-TOR-1
55,39530,S51406,n,CM-TOR-1
56,39545,S53020,n,CM-TOR-1
57,40016,S65903,n,CM-TOR-1
58,40018,S72883,n,CM-TOR-1
59,40020,S64207,n,CM-TOR-1
60,40029,S11810,n,CM-TOR-1
61,40046,S69082,n,CM-TOR-1
62,40065,S72928,n,CM-TOR-1
63,40166,S64371,n,CM-TOR-1
64,40167,S64397,n,CM-TOR-1
65,40173,S20187,n,CM-TOR-1
66,40174,S20190,n,CM-TOR-1
67,40183,S73153,n,CM-TOR-1
68,40186,S38413,n,CM-TOR-1
69,40197,S41282,n,CM-TOR-1
70,40200,S54497,n,CM-TOR-1
71,40206,S73252,n,CM-TOR-1
72,40207,S64731,n,CM-TOR-1
73,40208,S64752,n,CM-TOR-1
74,40212,S65096,n,CM-TOR-1
75,40213,S73332,n,CM-TOR-1
76,40214,S73341,n,CM-TOR-1
77,40232,S65361,n,CM-TOR-1
78,40233,S65364,n,CM-TOR-1
79,40271,S66209,n,CM-TOR-1
80,40289,S66525,n,CM-TOR-1
81,40310,S67580,n,CM-TOR-1
82,40312,S67612,n,CM-TOR-1
83,40317,S67652,n,CM-TOR-1
84,40320,S67675,n,CM-TOR-1
85,40324,S67721,n,CM-TOR-1
86,40337,S09959,n,CM-TOR-1
87,40339,S09960,n,CM-TOR-1
88,40340,S09977,n,CM-TOR-1
89,40342,S29622,n,CM-TOR-1
90,40343,S09978,n,CM-TOR-1
91,40345,S09979,n,CM-TOR-1
92,40347,S09980,n,CM-TOR-1
93,40349,S09981,n,CM-TOR-1
94,40355,S68243,n,CM-TOR-1
95,40357,S68290,n,CM-TOR-1
96,40359,S68296,n,CM-TOR-1
97,40387,S68515,n,CM-TOR-1
98,40393,S68533,n,CM-TOR-1
99,40403,S68563,n,CM-TOR-1
100,40407,S68583,n,CM-TOR-1
101,40420,S01810,n,CM-TOR-1
102,40441,S72913,n,CM-TOR-1
103,40451,S68092,n,CM-TOR-1
104,40452,S68095,n,CM-TOR-1
105,40460,S68119,n,CM-TOR-1
106,40461,S68122,n,CM-TOR-1
107,40463,S68128,n,CM-TOR-1
108,40464,S68131,n,CM-TOR-1
109,40465,S68134,n,CM-TOR-1
110,40466,S68137,n,CM-TOR-1
111,40467,S68140,n,CM-TOR-1
112,40468,S68143,n,CM-TOR-1
113,40469,S68146,n,CM-TOR-1
114,40470,S68149,n,CM-TOR-1
115,40471,S68152,n,CM-TOR-1
116,40472,S68155,n,CM-TOR-1
117,40473,S68158,n,CM-TOR-1
118,40474,S68161,n,CM-TOR-1
119,40475,S68164,n,CM-TOR-1
120,40476,S68167,n,CM-TOR-1
121,40477,S68170,n,CM-TOR-1
122,40478,S68173,n,CM-TOR-1
123,40479,S68176,n,CM-TOR-1
124,40480,S68179,n,CM-TOR-1
125,40481,S68182,n,CM-TOR-1
126,40482,S68185,n,CM-TOR-1
127,40483,S68188,n,CM-TOR-1
128,40484,S68191,n,CM-TOR-1
129,40485,S68194,n,CM-TOR-1
130,40486,S68197,n,CM-TOR-1
131,40487,S68200,n,CM-TOR-1
132,40488,S68203,n,CM-TOR-1
133,40489,S68206,n,CM-TOR-1
134,40490,S68209,n,CM-TOR-1
135,40491,S68212,n,CM-TOR-1
136,40492,S68215,n,CM-TOR-1
137,40493,S68218,n,CM-TOR-1
138,40494,S68221,n,CM-TOR-1
139,40495,S68224,n,CM-TOR-1
140,40496,S68227,n,CM-TOR-1
141,40497,S68230,n,CM-TOR-1
142,40498,S68233,n,CM-TOR-1
143,40499,S68976,n,CM-TOR-1
144,40501,S39065,n,CM-TOR-1
145,40504,S04023,n,CM-TOR-1
146,40505,S04025,n,CM-TOR-1
147,40506,S04026,n,CM-TOR-1
148,40507,S04027,n,CM-TOR-1
149,40508,S04028,n,CM-TOR-1
150,40511,S29620,n,CM-TOR-1
151,40513,S06816,n,CM-TOR-1
152,40515,S39071,n,CM-TOR-1
153,40516,S06704,n,CM-TOR-1
154,40517,S29621,n,CM-TOR-1
155,40518,S06501,n,CM-TOR-1
156,40519,S06702,n,CM-TOR-1
157,40522,S34186,n,CM-TOR-1
158,40523,S34187,n,CM-TOR-1
159,40524,S34188,n,CM-TOR-1
160,40525,S08886,n,CM-TOR-1
161,40526,S34189,n,CM-TOR-1
162,40527,S34190,n,CM-TOR-1
163,40528,S34191,n,CM-TOR-1
164,40538,S00559,n,CM-TOR-1
165,40539,S01703,n,CM-TOR-1
166,40545,S01702,n,CM-TOR-1
167,40556,S01320,n,CM-TOR-1
168,40557,S01329,n,CM-TOR-1
169,40574,S01325,n,CM-TOR-1
170,40575,S04712,n,CM-TOR-1
171,40579,S01334,n,CM-TOR-1
172,40582,S00556,n,CM-TOR-1
173,40594,S01326,n,CM-TOR-1
174,40595,S01324,n,CM-TOR-1
175,40596,S07879,n,CM-TOR-1
176,40597,S01323,n,CM-TOR-1
177,40665,S06765,n,CM-TOR-1
178,40670,S01701,n,CM-TOR-1
179,40687,S01330,n,CM-TOR-1
180,40695,S01322,n,CM-TOR-1
181,40699,S06688,n,CM-TOR-1
182,40750,S68811,n,CM-TOR-1
183,40751,S68814,n,CM-TOR-1
184,40752,S68817,n,CM-TOR-1
185,40753,S68820,n,CM-TOR-1
186,40754,S68823,n,CM-TOR-1
187,40755,S68826,n,CM-TOR-1
188,40756,S68829,n,CM-TOR-1
189,40757,S68832,n,CM-TOR-1
190,40758,S68835,n,CM-TOR-1
191,40759,S68838,n,CM-TOR-1
192,40760,S68841,n,CM-TOR-1
193,40761,S68844,n,CM-TOR-1
194,40762,S68847,n,CM-TOR-1
195,40763,S68850,n,CM-TOR-1
196,40764,S68853,n,CM-TOR-1
197,40765,S68856,n,CM-TOR-1
198,40766,S68859,n,CM-TOR-1
199,40767,S68862,n,CM-TOR-1
200,40768,S68865,n,CM-TOR-1
201,40769,S68868,n,CM-TOR-1
202,40770,S68871,n,CM-TOR-1
203,40771,S68874,n,CM-TOR-1
204,40772,S68877,n,CM-TOR-1
205,40773,S68880,n,CM-TOR-1
206,40774,S68883,n,CM-TOR-1
207,40775,S68886,n,CM-TOR-1
208,40776,S68889,n,CM-TOR-1
209,40777,S68892,n,CM-TOR-1
210,40778,S68895,n,CM-TOR-1
211,40779,S68898,n,CM-TOR-1
212,40780,S68901,n,CM-TOR-1
213,40781,S68904,n,CM-TOR-1
214,40782,S68907,n,CM-TOR-1
215,40783,S68910,n,CM-TOR-1
216,40784,S68913,n,CM-TOR-1
217,40785,S68916,n,CM-TOR-1
218,40786,S68919,n,CM-TOR-1
219,40787,S68922,n,CM-TOR-1
220,40788,S68925,n,CM-TOR-1
221,40789,S68928,n,CM-TOR-1
222,40790,S68931,n,CM-TOR-1
223,40791,S68934,n,CM-TOR-1
224,40792,S68937,n,CM-TOR-1
225,40793,S68955,n,CM-TOR-1
226,40794,S68958,n,CM-TOR-1
227,40795,S68961,n,CM-TOR-1
228,40796,S68964,n,CM-TOR-1
229,40797,S68967,n,CM-TOR-1
230,40798,S68970,n,CM-TOR-1
231,40799,S68973,n,CM-TOR-1
232,40823,S01750,n,CM-TOR-1
233,40843,S01855,n,CM-TOR-1
234,40849,S01852,n,CM-TOR-1
235,40889,S19814,n,CM-TOR-1
236,41001,S33793,n,CM-TOR-1
237,41005,S01799,n,CM-TOR-1
238,41006,S02997,n,CM-TOR-1
239,41011,S09927,n,CM-TOR-1
240,41017,S72968,n,CM-TOR-1
241,41019,S09924,n,CM-TOR-1
242,41027,S10702,n,CM-TOR-1
243,41028,S10701,n,CM-TOR-1
244,41052,S11675,n,CM-TOR-1
245,41091,S39189,n,CM-TOR-1
246,41101,S56926,n,CM-TOR-1
247,41136,S10812,n,CM-TOR-1
248,41144,S20169,n,CM-TOR-1
249,41150,S11231,n,CM-TOR-1
250,41151,S19006,n,CM-TOR-1
251,41167,S28373,n,CM-TOR-1
252,41172,S31879,n,CM-TOR-1
253,41174,S39574,n,CM-TOR-1
254,41177,S51154,n,CM-TOR-1
255,41191,S41534,n,CM-TOR-1
256,41193,S41574,n,CM-TOR-1
257,41194,S41577,n,CM-TOR-1
258,41300,S06854,n,CM-TOR-1
259,41404,S06954,n,CM-TOR-1
260,41444,S20170,n,CM-TOR-1
261,41467,S07011,n,CM-TOR-1
262,41523,S06817,n,CM-TOR-1
263,41525,S07050,n,CM-TOR-1
264,41527,S07124,n,CM-TOR-1
265,41529,S07125,n,CM-TOR-1
266,41533,S06818,n,CM-TOR-1
267,41547,S06513,n,CM-TOR-1
268,41560,S06526,n,CM-TOR-1
269,41567,S06583,n,CM-TOR-1
270,41573,S06673,n,CM-TOR-1
271,41587,S10688,n,CM-TOR-1
272,41641,S39586,n,CM-TOR-1
273,41683,S20941,n,CM-TOR-1
274,41687,S08437,n,CM-TOR-1
275,41688,S08438,n,CM-TOR-1
276,41689,S08439,n,CM-TOR-1
277,41690,S08440,n,CM-TOR-1
278,41901,S09937,n,CM-TOR-1
279,41902,S10024,n,CM-TOR-1
280,42006,S00561,n,CM-TOR-1
281,42012,S68262,n,CM-TOR-1
282,42026,S38605,n,CM-TOR-1
283,42051,S04646,n,CM-TOR-1
284,42086,S62205,n,CM-TOR-1
285,42095,S62794,n,CM-TOR-1
286,42101,S64111,n,CM-TOR-1
287,42114,S00196,n,CM-TOR-1
288,42207,S00272,n,CM-TOR-1
289,42216,S40673,n,CM-TOR-1
290,42246,S40681,n,CM-TOR-1
291,42258,S00307,n,CM-TOR-1
292,42261,S00309,n,CM-TOR-1
293,42288,S10161,n,CM-TOR-1
294,42306,S59498,n,CM-TOR-1
295,42315,S63374,n,CM-TOR-1
296,42318,S00333,n,CM-TOR-1
297,42323,S68026,n,CM-TOR-1
298,42328,S40099,n,CM-TOR-1
299,42333,S73393,n,CM-TOR-1
300,42358,S68032,n,CM-TOR-1
301,42376,S51234,n,CM-TOR-1
302,42386,S10193,n,CM-TOR-1
303,42395,S01430,n,CM-TOR-1
304,42419,S11001,n,CM-TOR-1
305,42429,S01506,n,CM-TOR-1
306,42445,S01420,n,CM-TOR-1
307,42462,S01432,n,CM-TOR-1
308,42469,S01512,n,CM-TOR-1
309,42478,S03901,n,CM-TOR-1
310,42481,S01422,n,CM-TOR-1
311,42485,S01474,n,CM-TOR-1
312,42494,S28350,n,CM-TOR-1
313,42499,S01509,n,CM-TOR-1
314,42500,S01072,n,CM-TOR-1
315,42511,S04678,n,CM-TOR-1
316,42517,S01376,n,CM-TOR-1
317,42518,S01377,n,CM-TOR-1
318,42538,S00548,n,CM-TOR-1
319,42555,S00638,n,CM-TOR-1
320,42566,S62775,n,CM-TOR-1
321,42594,S41244,n,CM-TOR-1
322,42652,S38347,n,CM-TOR-1
323,42665,S00690,n,CM-TOR-1
324,42667,S37647,n,CM-TOR-1
325,42679,S00959,n,CM-TOR-1
326,42681,S64098,n,CM-TOR-1
327,42687,S63973,n,CM-TOR-1
328,42698,S01800,n,CM-TOR-1
329,42700,S06480,n,CM-TOR-1
330,42701,S06836,n,CM-TOR-1
331,42738,S01165,n,CM-TOR-1
332,42741,S63385,n,CM-TOR-1
333,42749,S67828,n,CM-TOR-1
334,42775,S59973,n,CM-TOR-1
335,42778,S60912,n,CM-TOR-1
336,42781,S06638,n,CM-TOR-1
337,42782,S09962,n,CM-TOR-1
338,42785,S09965,n,CM-TOR-1
339,42786,S09966,n,CM-TOR-1
340,42788,S09968,n,CM-TOR-1
341,42797,S09995,n,CM-TOR-1
342,42798,S09996,n,CM-TOR-1
343,42816,S11301,n,CM-TOR-1
344,42827,S15914,n,CM-TOR-1
345,42840,S19821,n,CM-TOR-1
346,42860,S10037,n,CM-TOR-1
347,42879,S52136,n,CM-TOR-1
348,42883,S00409,n,CM-TOR-1
349,42892,S24712,n,CM-TOR-1
350,42896,S28750,n,CM-TOR-1
351,42903,S01054,n,CM-TOR-1
352,42905,S62100,n,CM-TOR-1
353,42940,S10259,n,CM-TOR-1
354,42944,S10271,n,CM-TOR-1
355,42945,S10274,n,CM-TOR-1
356,42946,S10277,n,CM-TOR-1
357,42947,S10280,n,CM-TOR-1
358,42948,S10283,n,CM-TOR-1
359,42949,S10286,n,CM-TOR-1
360,42950,S10289,n,CM-TOR-1
361,42976,S10225,n,CM-TOR-1
362,42979,S10046,n,CM-TOR-1
363,42996,S01339,n,CM-TOR-1
364,43000,S01305,n,CM-TOR-1
365,43005,S00751,n,CM-TOR-1
366,43010,S11584,n,CM-TOR-1
367,43012,S60885,n,CM-TOR-1
368,43013,S62535,n,CM-TOR-1
369,43025,S64018,n,CM-TOR-1
370,43030,S07883,n,CM-TOR-1
371,43035,S62539,n,CM-TOR-1
372,43037,S00764,n,CM-TOR-1
373,43048,S62542,n,CM-TOR-1
374,43050,S10204,n,CM-TOR-1
375,43051,S11568,n,CM-TOR-1
376,43055,S73329,n,CM-TOR-1
377,43100,S38151,n,CM-TOR-1
378,43104,S00771,n,CM-TOR-1
379,43106,S00773,n,CM-TOR-1
380,43111,S01705,n,CM-TOR-1
381,43112,S01704,n,CM-TOR-1
382,43122,S00780,n,CM-TOR-1
383,43125,S37539,n,CM-TOR-1
384,43136,S01317,n,CM-TOR-1
385,43143,S06099,n,CM-TOR-1
386,43188,S37842,n,CM-TOR-1
387,43231,S62196,n,CM-TOR-1
388,43242,S01253,n,CM-TOR-1
389,43246,S20290,n,CM-TOR-1
390,43252,S40391,n,CM-TOR-1
391,43281,S01338,n,CM-TOR-1
392,43290,S47592,n,CM-TOR-1
393,43292,S01236,n,CM-TOR-1
394,43303,S54427,n,CM-TOR-1
395,43307,S00841,n,CM-TOR-1
396,43346,S60835,n,CM-TOR-1
397,43356,S01196,n,CM-TOR-1
398,43363,S52041,n,CM-TOR-1
399,43383,S00866,n,CM-TOR-1
400,43401,S28291,n,CM-TOR-1
401,43402,S28294,n,CM-TOR-1
402,43403,S28297,n,CM-TOR-1
403,43404,S28300,n,CM-TOR-1
404,43407,S68586,n,CM-TOR-1
405,43510,S32125,n,CM-TOR-1
406,43530,S37934,n,CM-TOR-1
407,43550,S03969,n,CM-TOR-1
408,43572,S51742,n,CM-TOR-1
409,43577,S01700,n,CM-TOR-1
410,43580,S39777,n,CM-TOR-1
411,43605,S01233,n,CM-TOR-1
412,43647,S58868,n,CM-TOR-1
413,43733,S00890,n,CM-TOR-1
414,43782,S00895,n,CM-TOR-1
415,43783,S00896,n,CM-TOR-1
416,43951,S01048,n,CM-TOR-1
417,43981,S29518,n,CM-TOR-1
418,43982,S29519,n,CM-TOR-1
419,43983,S31908,n,CM-TOR-1
420,43984,S29645,n,CM-TOR-1
421,43991,S07279,n,CM-TOR-1
422,43997,S00909,n,CM-TOR-1
423,44003,S01004,n,CM-TOR-1
424,44074,S39562,n,CM-TOR-1
425,44165,S67606,n,CM-TOR-1
426,44181,S01625,n,CM-TOR-1
427,44194,S02276,n,CM-TOR-1
428,44201,S01560,n,CM-TOR-1
429,44211,S40056,n,CM-TOR-1
430,44223,S51364,n,CM-TOR-1
431,44241,S08879,n,CM-TOR-1
432,44247,S31898,n,CM-TOR-1
433,44254,S01667,n,CM-TOR-1
434,44256,S10192,n,CM-TOR-1
435,44269,S10933,n,CM-TOR-1
436,44274,S63579,n,CM-TOR-1
437,44277,S06037,n,CM-TOR-1
438,44294,S58065,n,CM-TOR-1
439,44373,S01698,n,CM-TOR-1
440,44825,S01590,n,CM-TOR-1
441,45004,S21320,n,CM-TOR-1
442,45005,S06041,n,CM-TOR-1
443,45021,S34150,n,CM-TOR-1
444,45052,S06486,n,CM-TOR-1
445,45100,S06100,n,CM-TOR-1
446,45101,S08877,n,CM-TOR-1
447,45102,S20322,n,CM-TOR-1
448,45103,S10362,n,CM-TOR-1
449,45139,S10537,n,CM-TOR-1
450,45142,S60896,n,CM-TOR-1
451,45145,S06809,n,CM-TOR-1
452,45147,S64385,n,CM-TOR-1
453,45159,S21347,n,CM-TOR-1
454,45166,S38051,n,CM-TOR-1
455,45235,S21093,n,CM-TOR-1
456,45522,S02778,n,CM-TOR-1
457,45546,S02972,n,CM-TOR-1
458,45548,S11011,n,CM-TOR-1
459,45581,S62352,n,CM-TOR-1
460,45594,S03034,n,CM-TOR-1
461,45596,S03026,n,CM-TOR-1
462,45601,S02779,n,CM-TOR-1
463,45609,S61448,n,CM-TOR-1
464,45649,S40737,n,CM-TOR-1
465,45654,S02479,n,CM-TOR-1
466,45656,S02710,n,CM-TOR-1
467,45667,S40817,n,CM-TOR-1
468,45682,S73268,n,CM-TOR-1
469,45695,S02494,n,CM-TOR-1
470,45745,S03526,n,CM-TOR-1
471,45764,S40137,n,CM-TOR-1
472,45770,S02848,n,CM-TOR-1
473,45776,S57964,n,CM-TOR-1
474,45779,S60179,n,CM-TOR-1
475,45791,S10437,n,CM-TOR-1
476,45804,S02855,n,CM-TOR-1
477,45814,S04629,n,CM-TOR-1
478,45815,S04040,n,CM-TOR-1
479,45824,S02872,n,CM-TOR-1
480,45827,S04628,n,CM-TOR-1
481,45829,S02877,n,CM-TOR-1
482,45830,S02878,n,CM-TOR-1
483,45835,S02883,n,CM-TOR-1
484,45837,S10892,n,CM-TOR-1
485,45849,S10961,n,CM-TOR-1
486,45850,S02898,n,CM-TOR-1
487,45878,S02623,n,CM-TOR-1
488,45890,S19827,n,CM-TOR-1
489,45922,S39445,n,CM-TOR-1
490,45923,S67954,n,CM-TOR-1
491,45926,S03495,n,CM-TOR-1
492,45932,S10845,n,CM-TOR-1
493,45939,S10314,n,CM-TOR-1
494,45941,S04631,n,CM-TOR-1
495,45962,S04690,n,CM-TOR-1
496,45965,S04693,n,CM-TOR-1
497,45988,S03571,n,CM-TOR-1
498,45989,S04059,n,CM-TOR-1
499,45990,S04048,n,CM-TOR-1
500,45994,S04049,n,CM-TOR-1
501,45997,S06592,n,CM-TOR-1
502,46003,S34219,n,CM-TOR-1
503,46013,S58388,n,CM-TOR-1
504,46017,S13219,n,CM-TOR-1
505,46034,S61128,n,CM-TOR-1
506,46038,S45846,n,CM-TOR-1
507,46044,S65195,n,CM-TOR-1
508,46062,S46032,n,CM-TOR-1
509,46070,S60190,n,CM-TOR-1
510,46109,S11426,n,CM-TOR-1
511,46110,S11422,n,CM-TOR-1
512,46123,S53121,n,CM-TOR-1
513,46137,S13045,n,CM-TOR-1
514,46142,S46890,n,CM-TOR-1
515,46157,S52930,n,CM-TOR-1
516,46193,S13252,n,CM-TOR-1
517,46256,S47606,n,CM-TOR-1
518,46273,S39373,n,CM-TOR-1
519,46285,S45936,n,CM-TOR-1
520,46312,S64063,n,CM-TOR-1
521,46334,S49701,n,CM-TOR-1
522,46339,S49716,n,CM-TOR-1
523,46341,S13042,n,CM-TOR-1
524,46449,S13270,n,CM-TOR-1
525,46450,S13099,n,CM-TOR-1
526,46502,S41107,n,CM-TOR-1
527,46514,S68051,n,CM-TOR-1
528,46541,S55516,n,CM-TOR-1
529,46581,S13177,n,CM-TOR-1
530,46591,S52702,n,CM-TOR-1
531,46619,S46872,n,CM-TOR-1
532,46627,S45990,n,CM-TOR-1
533,46629,S55459,n,CM-TOR-1
534,46734,S68054,n,CM-TOR-1
535,46740,S13111,n,CM-TOR-1
536,47301,S21187,n,CM-TOR-1
537,47306,S24676,n,CM-TOR-1
538,47330,S52224,n,CM-TOR-1
539,47334,S52310,n,CM-TOR-1
540,47335,S52313,n,CM-TOR-1
541,47460,S10454,n,CM-TOR-1
542,47488,S08860,n,CM-TOR-1
543,47501,S06841,n,CM-TOR-1
544,47506,S03761,n,CM-TOR-1
545,47509,S03581,n,CM-TOR-1
546,47515,S04597,n,CM-TOR-1
547,47535,S03751,n,CM-TOR-1
548,47541,S03593,n,CM-TOR-1
549,47548,S09994,n,CM-TOR-1
550,47551,S04661,n,CM-TOR-1
551,47563,S06843,n,CM-TOR-1
552,47565,S61989,n,CM-TOR-1
553,47572,S03603,n,CM-TOR-1
554,47574,S03605,n,CM-TOR-1
555,47613,S04339,n,CM-TOR-1
556,47627,S06844,n,CM-TOR-1
557,47628,S04318,n,CM-TOR-1
558,47666,S04004,n,CM-TOR-1
559,47683,S11370,n,CM-TOR-1
560,47688,S03644,n,CM-TOR-1
561,47694,S49100,n,CM-TOR-1
562,47709,S03702,n,CM-TOR-1
563,47711,S06759,n,CM-TOR-1
564,47722,S10826,n,CM-TOR-1
565,47724,S03713,n,CM-TOR-1
566,47729,S03718,n,CM-TOR-1
567,47732,S03665,n,CM-TOR-1
568,47745,S66281,n,CM-TOR-1
569,47746,S03732,n,CM-TOR-1
570,47788,S64062,n,CM-TOR-1
571,47809,S37477,n,CM-TOR-1
572,47812,S41427,n,CM-TOR-1
573,47813,S51992,n,CM-TOR-1
574,47815,S06678,n,CM-TOR-1
575,47816,S06679,n,CM-TOR-1
576,47828,S03903,n,CM-TOR-1
577,47830,S03956,n,CM-TOR-1
578,47831,S03957,n,CM-TOR-1
579,47837,S03944,n,CM-TOR-1
580,47838,S03945,n,CM-TOR-1
581,47843,S03951,n,CM-TOR-1
582,47855,S04391,n,CM-TOR-1
583,47857,S03032,n,CM-TOR-1
584,47858,S03949,n,CM-TOR-1
585,47861,S03033,n,CM-TOR-1
586,47876,S10908,n,CM-TOR-1
587,47884,S04401,n,CM-TOR-1
588,47899,S06680,n,CM-TOR-1
589,47913,S57713,n,CM-TOR-1
590,47916,S06683,n,CM-TOR-1
591,47918,S06685,n,CM-TOR-1
592,47919,S06686,n,CM-TOR-1
593,47921,S06641,n,CM-TOR-1
594,47922,S06640,n,CM-TOR-1
595,47923,S06648,n,CM-TOR-1
596,47931,S06687,n,CM-TOR-1
597,47949,S08429,n,CM-TOR-1
598,47950,S08430,n,CM-TOR-1
599,47951,S08431,n,CM-TOR-1
600,47952,S08432,n,CM-TOR-1
601,47962,S38580,n,CM-TOR-1
602,47963,S10708,n,CM-TOR-1
603,47980,S20175,n,CM-TOR-1
604,48022,S00545,n,CM-TOR-1
605,48067,S27949,n,CM-TOR-1
606,48075,S28757,n,CM-TOR-1
607,48083,S60826,n,CM-TOR-1
608,48088,S62291,n,CM-TOR-1
609,48092,S51860,n,CM-TOR-1
610,48093,S62361,n,CM-TOR-1
611,48099,S62376,n,CM-TOR-1
612,48104,S67309,n,CM-TOR-1
613,48106,S62605,n,CM-TOR-1
614,48107,S62575,n,CM-TOR-1
615,48109,S62590,n,CM-TOR-1
616,48110,S62593,n,CM-TOR-1
617,48494,S61619,n,CM-TOR-1
618,48502,S03959,n,CM-TOR-1
619,48504,S03961,n,CM-TOR-1
620,48505,S03968,n,CM-TOR-1
621,48507,S03963,n,CM-TOR-1
622,48509,S03965,n,CM-TOR-1
623,48516,S06651,n,CM-TOR-1
624,48525,S03840,n,CM-TOR-1
625,48528,S40614,n,CM-TOR-1
626,48537,S57294,n,CM-TOR-1
627,48546,S47759,n,CM-TOR-1
628,48549,S44930,n,CM-TOR-1
629,48557,S03789,n,CM-TOR-1
630,48559,S51238,n,CM-TOR-1
631,48561,S52693,n,CM-TOR-1
632,48569,S62531,n,CM-TOR-1
633,48580,S52842,n,CM-TOR-1
634,48587,S03850,n,CM-TOR-1
635,48596,S58077,n,CM-TOR-1
636,48599,S03862,n,CM-TOR-1
637,48616,S03827,n,CM-TOR-1
638,48620,S04412,n,CM-TOR-1
639,48650,S04531,n,CM-TOR-1
640,48670,S03905,n,CM-TOR-1
641,48678,S53146,n,CM-TOR-1
642,48686,S54472,n,CM-TOR-1
643,48706,S58428,n,CM-TOR-1
644,48709,S24840,n,CM-TOR-1
645,48710,S25452,n,CM-TOR-1
646,48727,S00924,n,CM-TOR-1
647,48729,S58544,n,CM-TOR-1
648,48731,S58550,n,CM-TOR-1
649,48810,S49757,n,CM-TOR-1
650,48844,S39075,n,CM-TOR-1
651,48845,S04554,n,CM-TOR-1
652,48849,S04558,n,CM-TOR-1
653,48850,S39284,n,CM-TOR-1
654,48871,S10979,n,CM-TOR-1
655,48873,S03030,n,CM-TOR-1
656,48879,S03031,n,CM-TOR-1
657,48884,S10980,n,CM-TOR-1
658,48886,S04062,n,CM-TOR-1
659,49000,S67841,n,CM-TOR-1
660,49419,S38342,n,CM-TOR-1
661,49500,S07312,n,CM-TOR-1
662,49511,S07322,n,CM-TOR-1
663,49518,S07329,n,CM-TOR-1
664,49524,S11395,n,CM-TOR-1
665,49536,S61273,n,CM-TOR-1
666,49549,S61279,n,CM-TOR-1
667,49551,S07361,n,CM-TOR-1
668,49552,S44893,n,CM-TOR-1
669,49555,S39954,n,CM-TOR-1
670,49583,S65615,n,CM-TOR-1
671,49586,S65618,n,CM-TOR-1
672,49619,S07427,n,CM-TOR-1
673,49630,S07437,n,CM-TOR-1
674,49631,S06637,n,CM-TOR-1
675,49632,S11018,n,CM-TOR-1
676,49667,S08936,n,CM-TOR-1
677,49675,S08903,n,CM-TOR-1
678,49698,S61727,n,CM-TOR-1
679,49708,S07497,n,CM-TOR-1
680,49719,S63198,n,CM-TOR-1
681,49746,S61439,n,CM-TOR-1
682,49834,S19813,n,CM-TOR-1
683,49855,S60480,n,CM-TOR-1
684,49868,S07563,n,CM-TOR-1
685,49877,S07572,n,CM-TOR-1
686,49889,S07581,n,CM-TOR-1
687,49933,S07623,n,CM-TOR-1
688,49941,S07830,n,CM-TOR-1
689,49945,S07634,n,CM-TOR-1
690,49953,S07642,n,CM-TOR-1
691,49954,S07828,n,CM-TOR-1
692,49975,S19672,n,CM-TOR-1
693,49981,S38369,n,CM-TOR-1
694,49982,S08887,n,CM-TOR-1
695,50005,S65729,n,CM-TOR-1
696,50017,S09046,n,CM-TOR-1
697,50022,S09051,n,CM-TOR-1
698,50023,S05972,n,CM-TOR-1
699,50025,S09053,n,CM-TOR-1
700,50026,S09054,n,CM-TOR-1
701,50046,S09073,n,CM-TOR-1
702,50048,S09075,n,CM-TOR-1
703,50053,S65752,n,CM-TOR-1
704,50055,S09081,n,CM-TOR-1
705,50061,S09087,n,CM-TOR-1
706,50097,S09116,n,CM-TOR-1
707,50098,S09117,n,CM-TOR-1
708,50106,S09947,n,CM-TOR-1
709,50116,S39554,n,CM-TOR-1
710,50124,S09139,n,CM-TOR-1
711,50126,S10600,n,CM-TOR-1
712,50129,S73426,n,CM-TOR-1
713,50206,S05973,n,CM-TOR-1
714,50217,S65050,n,CM-TOR-1
715,50234,S09235,n,CM-TOR-1
716,50260,S10008,n,CM-TOR-1
717,50261,S10009,n,CM-TOR-1
718,50262,S10010,n,CM-TOR-1
719,50263,S10011,n,CM-TOR-1
720,50264,S10012,n,CM-TOR-1
721,50265,S10463,n,CM-TOR-1
722,50266,S10464,n,CM-TOR-1
723,50268,S10950,n,CM-TOR-1
724,50270,S39786,n,CM-TOR-1
725,50276,S09262,n,CM-TOR-1
726,50277,S38706,n,CM-TOR-1
727,50285,S10226,n,CM-TOR-1
728,50303,S10051,n,CM-TOR-1
729,50305,S10053,n,CM-TOR-1
730,50310,S10058,n,CM-TOR-1
731,50318,S10066,n,CM-TOR-1
732,50328,S10743,n,CM-TOR-1
733,50348,S39789,n,CM-TOR-1
734,50350,S21059,n,CM-TOR-1
735,50399,S34137,n,CM-TOR-1
736,50401,S01831,n,CM-TOR-1
737,50403,S01135,n,CM-TOR-1
738,50404,S01130,n,CM-TOR-1
739,50405,S03554,n,CM-TOR-1
740,50406,S09278,n,CM-TOR-1
741,50416,S09287,n,CM-TOR-1
742,50426,S09295,n,CM-TOR-1
743,50447,S08965,n,CM-TOR-1
744,50520,S10602,n,CM-TOR-1
745,50602,S10116,n,CM-TOR-1
746,50614,S11251,n,CM-TOR-1
747,50621,S10098,n,CM-TOR-1
748,50627,S10107,n,CM-TOR-1
749,50628,S10108,n,CM-TOR-1
750,50629,S10109,n,CM-TOR-1
751,50636,S10175,n,CM-TOR-1
752,50640,S10171,n,CM-TOR-1
753,50655,S39264,n,CM-TOR-1
754,50669,S10733,n,CM-TOR-1
755,50670,S10813,n,CM-TOR-1
756,50671,S10814,n,CM-TOR-1
757,50676,S10975,n,CM-TOR-1
758,50682,S05734,n,CM-TOR-1
759,50684,S59101,n,CM-TOR-1
760,50685,S68342,n,CM-TOR-1
761,50690,S39247,n,CM-TOR-1
762,50691,S34484,n,CM-TOR-1
763,50694,S00003,n,CM-TOR-1
764,50744,S05971,n,CM-TOR-1
765,52006,S58380,n,CM-TOR-1
766,52007,S58381,n,CM-TOR-1
767,52009,S58382,n,CM-TOR-1
768,52010,S58371,n,CM-TOR-1
769,52011,S58372,n,CM-TOR-1
770,52012,S58373,n,CM-TOR-1
771,52014,S58374,n,CM-TOR-1
772,52015,S58375,n,CM-TOR-1
773,52016,S58376,n,CM-TOR-1
774,52017,S58377,n,CM-TOR-1
775,52018,S58378,n,CM-TOR-1
776,52019,S58379,n,CM-TOR-1
777,52097,S16796,n,CM-TOR-1
778,52098,S34149,n,CM-TOR-1
779,52456,S12952,n,CM-TOR-1
780,52459,S12982,n,CM-TOR-1
781,52898,S17084,n,CM-TOR-1
782,60021,S60110,n,CM-TOR-1
783,60033,S73326,n,CM-TOR-1
784,60034,S62935,n,CM-TOR-1
785,60039,S48377,n,CM-TOR-1
786,60042,S49829,n,CM-TOR-1
787,60062,S12415,n,CM-TOR-1
788,60063,S60470,n,CM-TOR-1
789,60065,S73111,n,CM-TOR-1
790,60104,S52467,n,CM-TOR-1
791,60109,S61536,n,CM-TOR-1
792,60126,S48398,n,CM-TOR-1
793,60144,S73408,n,CM-TOR-1
794,60149,S12427,n,CM-TOR-1
795,60155,S73126,n,CM-TOR-1
796,60193,S67535,n,CM-TOR-1
797,60205,S64110,n,CM-TOR-1
798,60271,S37336,n,CM-TOR-1
799,60299,S21032,n,CM-TOR-1
800,60339,S12292,n,CM-TOR-1
801,60374,S64379,n,CM-TOR-1
802,60379,S12250,n,CM-TOR-1
803,60407,S57762,n,CM-TOR-1
804,60420,S66802,n,CM-TOR-1
805,60453,S48461,n,CM-TOR-1
806,60460,S58398,n,CM-TOR-1
807,60461,S51568,n,CM-TOR-1
808,60474,S23929,n,CM-TOR-1
809,60491,S61460,n,CM-TOR-1
810,60497,S12514,n,CM-TOR-1
811,60518,S57768,n,CM-TOR-1
812,60543,S48857,n,CM-TOR-1
813,60642,S48491,n,CM-TOR-1
814,60650,S48500,n,CM-TOR-1
815,60700,S24121,n,CM-TOR-1
816,60702,S65919,n,CM-TOR-1
817,60751,S11172,n,CM-TOR-1
818,60752,S58042,n,CM-TOR-1
819,60757,S12409,n,CM-TOR-1
820,60759,S12376,n,CM-TOR-1
821,60769,S58043,n,CM-TOR-1
822,60779,S48977,n,CM-TOR-1
823,60787,S24169,n,CM-TOR-1
824,60802,S48956,n,CM-TOR-1
825,60803,S24175,n,CM-TOR-1
826,60821,S17044,n,CM-TOR-1
827,60835,S24345,n,CM-TOR-1
828,60847,S67092,n,CM-TOR-1
829,60862,S60860,n,CM-TOR-1
830,60885,S12442,n,CM-TOR-1
831,60894,S24211,n,CM-TOR-1
832,60922,S58069,n,CM-TOR-1
833,60931,S11133,n,CM-TOR-1
834,60933,S19553,n,CM-TOR-1
835,60945,S19556,n,CM-TOR-1
836,60958,S56863,n,CM-TOR-1
837,60959,S63397,n,CM-TOR-1
838,60975,S48203,n,CM-TOR-1
839,60977,S63403,n,CM-TOR-1
840,61004,S47519,n,CM-TOR-1
841,61007,S60942,n,CM-TOR-1
842,61010,S11136,n,CM-TOR-1
843,61015,S11166,n,CM-TOR-1
844,61018,S63998,n,CM-TOR-1
845,61022,S60284,n,CM-TOR-1
846,61043,S60487,n,CM-TOR-1
847,61049,S73390,n,CM-TOR-1
848,61062,S72880,n,CM-TOR-1
849,61086,S21116,n,CM-TOR-1
850,61126,S69089,n,CM-TOR-1
851,61186,S27960,n,CM-TOR-1
852,61194,S11160,n,CM-TOR-1
853,61209,S62299,n,CM-TOR-1
854,61214,S69064,n,CM-TOR-1
855,61230,S64885,n,CM-TOR-1
856,61253,S24322,n,CM-TOR-1
857,61264,S60411,n,CM-TOR-1
858,61267,S60832,n,CM-TOR-1
859,61271,S61467,n,CM-TOR-1
860,61273,S48958,n,CM-TOR-1
861,61295,S64760,n,CM-TOR-1
862,61301,S65068,n,CM-TOR-1
863,61313,S65073,n,CM-TOR-1
864,61319,S63123,n,CM-TOR-1
865,61330,S65387,n,CM-TOR-1
866,61347,S73061,n,CM-TOR-1
867,61352,S20755,n,CM-TOR-1
868,61381,S64965,n,CM-TOR-1
869,61383,S57223,n,CM-TOR-1
870,61386,S59562,n,CM-TOR-1
871,61392,S61089,n,CM-TOR-1
872,61393,S61092,n,CM-TOR-1
873,61394,S61095,n,CM-TOR-1
874,61500,S41203,n,CM-TOR-1
875,61501,S68775,n,CM-TOR-1
876,61582,S11028,n,CM-TOR-1
877,61601,S61380,n,CM-TOR-1
878,61602,S12079,n,CM-TOR-1
879,61608,S40424,n,CM-TOR-1
880,61613,S12166,n,CM-TOR-1
881,61614,S61291,n,CM-TOR-1
882,61615,S40427,n,CM-TOR-1
883,61619,S12223,n,CM-TOR-1
884,61623,S61297,n,CM-TOR-1
885,61628,S34168,n,CM-TOR-1
886,61629,S12337,n,CM-TOR-1
887,61631,S61342,n,CM-TOR-1
888,61635,S12388,n,CM-TOR-1
889,61636,S12394,n,CM-TOR-1
890,61637,S61351,n,CM-TOR-1
891,61640,S12466,n,CM-TOR-1
892,61643,S34171,n,CM-TOR-1
893,61645,S12520,n,CM-TOR-1
894,61646,S12526,n,CM-TOR-1
895,61647,S12532,n,CM-TOR-1
896,61649,S34174,n,CM-TOR-1
897,61651,S12559,n,CM-TOR-1
898,61653,S40442,n,CM-TOR-1
899,61656,S12607,n,CM-TOR-1
900,61657,S40448,n,CM-TOR-1
901,61658,S12628,n,CM-TOR-1
902,61670,S12445,n,CM-TOR-1
903,61675,S64700,n,CM-TOR-1
904,61699,S61368,n,CM-TOR-1
905,61755,S15895,n,CM-TOR-1
906,61757,S64370,n,CM-TOR-1
907,61761,S20022,n,CM-TOR-1
908,61766,S38398,n,CM-TOR-1
909,61768,S21106,n,CM-TOR-1
910,61770,S21120,n,CM-TOR-1
911,61771,S21123,n,CM-TOR-1
912,61772,S21126,n,CM-TOR-1
913,61774,S21132,n,CM-TOR-1
914,61775,S21135,n,CM-TOR-1
915,61778,S21146,n,CM-TOR-1
916,61782,S21158,n,CM-TOR-1
917,61784,S40400,n,CM-TOR-1
918,61788,S64554,n,CM-TOR-1
919,61792,S52149,n,CM-TOR-1
920,61794,S61377,n,CM-TOR-1
921,61795,S40412,n,CM-TOR-1
922,61907,S58059,n,CM-TOR-1
923,61909,S51325,n,CM-TOR-1
924,62628,S34182,n,CM-TOR-1
925,64034,S48964,n,CM-TOR-1
926,64037,S48966,n,CM-TOR-1
927,64079,S48967,n,CM-TOR-1
928,64117,S48969,n,CM-TOR-1
929,64124,S37348,n,CM-TOR-1
930,64127,S57858,n,CM-TOR-1
931,64128,S57855,n,CM-TOR-1
932,64182,S62754,n,CM-TOR-1
933,64190,S51478,n,CM-TOR-1
934,64285,S12397,n,CM-TOR-1
935,64289,S51343,n,CM-TOR-1
936,64305,S37793,n,CM-TOR-1
937,64306,S37796,n,CM-TOR-1
938,64307,S37799,n,CM-TOR-1
939,64356,S59215,n,CM-TOR-1
940,64358,S51349,n,CM-TOR-1
941,64359,S51352,n,CM-TOR-1
942,64442,S51358,n,CM-TOR-1
943,65036,S46194,n,CM-TOR-1
944,65061,S55511,n,CM-TOR-1
945,65084,S73402,n,CM-TOR-1
946,65102,S47575,n,CM-TOR-1
947,65144,S62872,n,CM-TOR-1
948,65152,S55485,n,CM-TOR-1
949,65156,S62875,n,CM-TOR-1
950,65200,S46218,n,CM-TOR-1
951,65257,S46254,n,CM-TOR-1
952,65288,S56762,n,CM-TOR-1
953,66005,S57905,n,CM-TOR-1
954,66026,S57908,n,CM-TOR-1
955,66050,S62411,n,CM-TOR-1
956,66200,S57911,n,CM-TOR-1
957,66810,S59763,n,CM-TOR-1
958,67037,S46368,n,CM-TOR-1
959,67114,S62394,n,CM-TOR-1
960,67157,S55493,n,CM-TOR-1
961,67166,S57092,n,CM-TOR-1
962,67168,S57095,n,CM-TOR-1
963,67169,S46443,n,CM-TOR-1
964,67174,S46452,n,CM-TOR-1
965,67187,S57098,n,CM-TOR-1
966,67188,S57101,n,CM-TOR-1
967,67193,S57104,n,CM-TOR-1
968,67199,S57110,n,CM-TOR-1
969,67201,S57113,n,CM-TOR-1
970,67209,S55501,n,CM-TOR-1
971,67226,S58173,n,CM-TOR-1
972,67295,S46608,n,CM-TOR-1
973,67354,S63679,n,CM-TOR-1
974,67358,S58666,n,CM-TOR-1
975,67361,S46617,n,CM-TOR-1
976,67362,S46620,n,CM-TOR-1
977,67364,S46626,n,CM-TOR-1
978,67365,S46629,n,CM-TOR-1
979,67368,S63682,n,CM-TOR-1
980,67369,S46635,n,CM-TOR-1
981,67371,S63685,n,CM-TOR-1
982,67617,S46989,n,CM-TOR-1
983,68021,S55388,n,CM-TOR-1
984,68030,S57070,n,CM-TOR-1
985,68199,S55439,n,CM-TOR-1
986,69002,S61394,n,CM-TOR-1
987,69008,S61397,n,CM-TOR-1
988,69014,S73335,n,CM-TOR-1
989,69015,S73338,n,CM-TOR-1
990,69097,S20321,n,CM-TOR-1
991,69098,S20320,n,CM-TOR-1
992,69099,S20319,n,CM-TOR-1
993,69120,S25418,n,CM-TOR-1
994,69210,S59162,n,CM-TOR-1
995,69240,S20420,n,CM-TOR-1
996,69241,S20354,n,CM-TOR-1
997,69245,S20633,n,CM-TOR-1
998,69251,S20348,n,CM-TOR-1
999,69275,S63991,n,CM-TOR-1
1000,69277,S20399,n,CM-TOR-1
1001,69287,S66166,n,CM-TOR-1
1002,69299,S52502,n,CM-TOR-1
1003,69304,S37623,n,CM-TOR-1
1004,69394,S51889,n,CM-TOR-1
1005,69395,S51890,n,CM-TOR-1
1006,69503,S51328,n,CM-TOR-1
1007,69504,S51331,n,CM-TOR-1
1008,69506,S51337,n,CM-TOR-1
1009,69508,S61388,n,CM-TOR-1
1010,69509,S51322,n,CM-TOR-1
1011,69510,S51310,n,CM-TOR-1
1012,69511,S61391,n,CM-TOR-1
1013,69516,S52518,n,CM-TOR-1
1014,69520,S34141,n,CM-TOR-1
1015,69521,S34142,n,CM-TOR-1
1016,69522,S34143,n,CM-TOR-1
1017,73001,S65576,n,CM-TOR-1
1018,73002,S65579,n,CM-TOR-1
1019,73003,S65582,n,CM-TOR-1
1020,80108,S34257,n,CM-TOR-1
1021,80139,S34288,n,CM-TOR-1
1022,80147,S34296,n,CM-TOR-1
1023,80149,S34298,n,CM-TOR-1
1024,80155,S34304,n,CM-TOR-1
1025,80157,S34306,n,CM-TOR-1
1026,80158,S34307,n,CM-TOR-1
1027,80160,S34309,n,CM-TOR-1
1028,80167,S34316,n,CM-TOR-1
1029,80168,S34317,n,CM-TOR-1
1030,80182,S34331,n,CM-TOR-1
1031,80187,S34336,n,CM-TOR-1
1032,80191,S60619,n,CM-TOR-1
1033,80192,S60882,n,CM-TOR-1
1034,80193,S34342,n,CM-TOR-1
1035,80194,S34343,n,CM-TOR-1
1036,80197,S34346,n,CM-TOR-1
1037,80203,S34352,n,CM-TOR-1
1038,80204,S34353,n,CM-TOR-1
1039,80234,S34383,n,CM-TOR-1
1040,80251,S65972,n,CM-TOR-1
1041,80252,S34401,n,CM-TOR-1
1042,80253,S34402,n,CM-TOR-1
1043,80254,S34403,n,CM-TOR-1
1044,80255,S34404,n,CM-TOR-1
1045,80269,S34418,n,CM-TOR-1
1046,80274,S34423,n,CM-TOR-1
1047,80275,S34424,n,CM-TOR-1
1048,80282,S34431,n,CM-TOR-1
1049,80285,S65708,n,CM-TOR-1
1050,80286,S65973,n,CM-TOR-1
1051,80287,S65974,n,CM-TOR-1
1052,80288,S34437,n,CM-TOR-1
1053,80290,S34439,n,CM-TOR-1
1054,80291,S34440,n,CM-TOR-1
1055,80301,S34450,n,CM-TOR-1
1056,80304,S34453,n,CM-TOR-1
1057,80309,S34458,n,CM-TOR-1
1058,80314,S34463,n,CM-TOR-1
1059,80316,S34465,n,CM-TOR-1
1060,80320,S34469,n,CM-TOR-1
1061,80321,S34470,n,CM-TOR-1
1062,80324,S38455,n,CM-TOR-1
1063,80331,S56854,n,CM-TOR-1
1064,80336,S37600,n,CM-TOR-1
1065,80337,S58507,n,CM-TOR-1
1066,80338,S37602,n,CM-TOR-1
1067,80340,S37604,n,CM-TOR-1
1068,80341,S37605,n,CM-TOR-1
1069,80342,S37606,n,CM-TOR-1
1070,80343,S37607,n,CM-TOR-1
1071,80344,S37608,n,CM-TOR-1
1072,80345,S37609,n,CM-TOR-1
1073,80346,S66228,n,CM-TOR-1
1074,80347,S37611,n,CM-TOR-1
1075,80348,S37612,n,CM-TOR-1
1076,80361,S37687,n,CM-TOR-1
1077,80366,S37736,n,CM-TOR-1
1078,80375,S54433,n,CM-TOR-1
1079,80376,S54446,n,CM-TOR-1
1080,80378,S66320,n,CM-TOR-1
1081,80400,S37904,n,CM-TOR-1
1082,80401,S38266,n,CM-TOR-1
1083,80402,S38267,n,CM-TOR-1
1084,80407,S38268,n,CM-TOR-1
1085,80408,S38269,n,CM-TOR-1
1086,80409,S38270,n,CM-TOR-1
1087,80410,S38271,n,CM-TOR-1
1088,80411,S38272,n,CM-TOR-1
1089,80412,S38273,n,CM-TOR-1
1090,80413,S38274,n,CM-TOR-1
1091,80414,S38275,n,CM-TOR-1
1092,80415,S38276,n,CM-TOR-1
1093,80416,S38277,n,CM-TOR-1
1094,80417,S38278,n,CM-TOR-1
1095,80418,S38279,n,CM-TOR-1
1096,80419,S38280,n,CM-TOR-1
1097,80420,S38281,n,CM-TOR-1
1098,80421,S38282,n,CM-TOR-1
1099,80422,S38283,n,CM-TOR-1
1100,80423,S38284,n,CM-TOR-1
1101,80424,S38285,n,CM-TOR-1
1102,80425,S38286,n,CM-TOR-1
1103,80426,S38287,n,CM-TOR-1
1104,80427,S38288,n,CM-TOR-1
1105,80428,S38289,n,CM-TOR-1
1106,80429,S38290,n,CM-TOR-1
1107,80430,S38291,n,CM-TOR-1
1108,80431,S38292,n,CM-TOR-1
1109,80432,S38293,n,CM-TOR-1
1110,80433,S38294,n,CM-TOR-1
1111,80434,S38295,n,CM-TOR-1
1112,80435,S38296,n,CM-TOR-1
1113,80436,S38297,n,CM-TOR-1
1114,80437,S38298,n,CM-TOR-1
1115,80438,S38299,n,CM-TOR-1
1116,80439,S38300,n,CM-TOR-1
1117,80440,S38301,n,CM-TOR-1
1118,80441,S38302,n,CM-TOR-1
1119,80442,S38303,n,CM-TOR-1
1120,80443,S38304,n,CM-TOR-1
1121,80444,S38305,n,CM-TOR-1
1122,80445,S38306,n,CM-TOR-1
1123,80446,S38307,n,CM-TOR-1
1124,80447,S38308,n,CM-TOR-1
1125,80448,S38309,n,CM-TOR-1
1126,80449,S38310,n,CM-TOR-1
1127,80450,S38311,n,CM-TOR-1
1128,80451,S38312,n,CM-TOR-1
1129,80452,S38313,n,CM-TOR-1
1130,80453,S38314,n,CM-TOR-1
1131,80454,S38315,n,CM-TOR-1
1132,80455,S38316,n,CM-TOR-1
1133,80456,S38317,n,CM-TOR-1
1134,80457,S38318,n,CM-TOR-1
1135,80458,S38319,n,CM-TOR-1
1136,80459,S38392,n,CM-TOR-1
1137,80460,S38408,n,CM-TOR-1
1138,80461,S38409,n,CM-TOR-1
1139,80462,S38411,n,CM-TOR-1
1140,80463,S38412,n,CM-TOR-1
1141,80464,S38414,n,CM-TOR-1
1142,80478,S38780,n,CM-TOR-1
1143,80479,S38790,n,CM-TOR-1
1144,80480,S38791,n,CM-TOR-1
1145,80481,S38793,n,CM-TOR-1
1146,80482,S39160,n,CM-TOR-1
1147,80483,S39170,n,CM-TOR-1
1148,80484,S40072,n,CM-TOR-1
1149,80485,S65314,n,CM-TOR-1
1150,80488,S52206,n,CM-TOR-1
1151,80489,S54539,n,CM-TOR-1
1152,80493,S59998,n,CM-TOR-1
1153,80510,S73105,n,CM-TOR-1
1154,80513,S73323,n,CM-TOR-1
1155,80550,S60388,n,CM-TOR-1
1156,80551,S60389,n,CM-TOR-1
1157,80552,S60585,n,CM-TOR-1
1158,80553,S60391,n,CM-TOR-1
1159,80554,S60392,n,CM-TOR-1
1160,80555,S60762,n,CM-TOR-1
1161,80560,S60323,n,CM-TOR-1
1162,80566,S60376,n,CM-TOR-1
1163,80568,S60381,n,CM-TOR-1
1164,80569,S64619,n,CM-TOR-1
1165,80570,S60722,n,CM-TOR-1
1166,80734,S63430,n,CM-TOR-1
1167,81002,S63492,n,CM-TOR-1
1168,81003,S32174,n,CM-TOR-1
1169,81004,S32175,n,CM-TOR-1
1170,81007,S40198,n,CM-TOR-1
1171,81010,S63489,n,CM-TOR-1
1172,81011,S32179,n,CM-TOR-1
1173,81013,S63483,n,CM-TOR-1
1174,81020,S32186,n,CM-TOR-1
1175,81022,S65959,n,CM-TOR-1
1176,81033,S32195,n,CM-TOR-1
1177,81039,S32200,n,CM-TOR-1
1178,81042,S63486,n,CM-TOR-1
1179,81056,S63462,n,CM-TOR-1
1180,81059,S32217,n,CM-TOR-1
1181,81080,S32236,n,CM-TOR-1
1182,81086,S38930,n,CM-TOR-1
1183,81087,S66944,n,CM-TOR-1
1184,81099,S66263,n,CM-TOR-1
1185,81109,S32261,n,CM-TOR-1
1186,81127,S32274,n,CM-TOR-1
1187,81131,S32277,n,CM-TOR-1
1188,81132,S63498,n,CM-TOR-1
1189,81136,S63495,n,CM-TOR-1
1190,81149,S32284,n,CM-TOR-1
1191,81150,S49727,n,CM-TOR-1
1192,81167,S65840,n,CM-TOR-1
1193,81168,S66010,n,CM-TOR-1
1194,81169,S65998,n,CM-TOR-1
1195,81173,S32297,n,CM-TOR-1
1196,81188,S59491,n,CM-TOR-1
1197,81196,S65396,n,CM-TOR-1
1198,81210,S65399,n,CM-TOR-1
1199,81217,S32326,n,CM-TOR-1
1200,81218,S39013,n,CM-TOR-1
1201,81219,S39020,n,CM-TOR-1
1202,81220,S39021,n,CM-TOR-1
1203,81222,S32330,n,CM-TOR-1
1204,81232,S39194,n,CM-TOR-1
1205,81234,S62714,n,CM-TOR-1
1206,81240,S32345,n,CM-TOR-1
1207,81247,S32350,n,CM-TOR-1
1208,81248,S54496,n,CM-TOR-1
1209,81252,S66040,n,CM-TOR-1
1210,81255,S32355,n,CM-TOR-1
1211,81261,S32360,n,CM-TOR-1
1212,81265,S34162,n,CM-TOR-1
1213,81272,S66269,n,CM-TOR-1
1214,81275,S65953,n,CM-TOR-1
1215,81280,S59276,n,CM-TOR-1
1216,81281,S64358,n,CM-TOR-1
1217,81290,S65843,n,CM-TOR-1
1218,81292,S63867,n,CM-TOR-1
1219,81299,S64231,n,CM-TOR-1
1220,81321,S32403,n,CM-TOR-1
1221,81322,S38888,n,CM-TOR-1
1222,81338,S32415,n,CM-TOR-1
1223,81341,S62723,n,CM-TOR-1
1224,81344,S32421,n,CM-TOR-1
1225,81374,S34206,n,CM-TOR-1
1226,81375,S32444,n,CM-TOR-1
1227,81391,S38181,n,CM-TOR-1
1228,81396,S58933,n,CM-TOR-1
1229,81433,S60650,n,CM-TOR-1
1230,81434,S59704,n,CM-TOR-1
1231,81440,S65429,n,CM-TOR-1
1232,81469,S44933,n,CM-TOR-1
1233,81474,S32512,n,CM-TOR-1
1234,81481,S32517,n,CM-TOR-1
1235,81484,S32519,n,CM-TOR-1
1236,81485,S73344,n,CM-TOR-1
1237,81491,S68077,n,CM-TOR-1
1238,81512,S73170,n,CM-TOR-1
1239,81520,S41673,n,CM-TOR-1
1240,81526,S44828,n,CM-TOR-1
1241,81527,S68255,n,CM-TOR-1
1242,81543,S52099,n,CM-TOR-1
1243,81544,S67857,n,CM-TOR-1
1244,81545,S67860,n,CM-TOR-1
1245,81546,S67863,n,CM-TOR-1
1246,81547,S67876,n,CM-TOR-1
1247,81548,S67882,n,CM-TOR-1
1248,81550,S67879,n,CM-TOR-1
1249,81552,S51519,n,CM-TOR-1
1250,81553,S67885,n,CM-TOR-1
1251,81555,S63471,n,CM-TOR-1
1252,81556,S64183,n,CM-TOR-1
1253,81557,S64120,n,CM-TOR-1
1254,81559,S63477,n,CM-TOR-1
1255,81560,S65487,n,CM-TOR-1
1256,81561,S65505,n,CM-TOR-1
1257,81562,S65432,n,CM-TOR-1
1258,81565,S63625,n,CM-TOR-1
1259,81566,S65490,n,CM-TOR-1
1260,81567,S60625,n,CM-TOR-1
1261,81571,S65393,n,CM-TOR-1
1262,81580,S65502,n,CM-TOR-1
1263,81581,S63607,n,CM-TOR-1
1264,81589,S65493,n,CM-TOR-1
1265,81590,S65496,n,CM-TOR-1
1266,81592,S63622,n,CM-TOR-1
1267,81593,S67888,n,CM-TOR-1
1268,81594,S67891,n,CM-TOR-1
1269,81601,S63613,n,CM-TOR-1
1270,81611,S32539,n,CM-TOR-1
1271,81613,S37496,n,CM-TOR-1
1272,81628,S32553,n,CM-TOR-1
1273,81644,S32565,n,CM-TOR-1
1274,81645,S32566,n,CM-TOR-1
1275,81647,S32568,n,CM-TOR-1
1276,81652,S37967,n,CM-TOR-1
1277,81655,S40875,n,CM-TOR-1
1278,81672,S41088,n,CM-TOR-1
1279,81688,S63699,n,CM-TOR-1
1280,81700,S66626,n,CM-TOR-1
1281,81701,S59396,n,CM-TOR-1
1282,81702,S38550,n,CM-TOR-1
1283,81707,S66266,n,CM-TOR-1
1284,81713,S41537,n,CM-TOR-1
1285,81732,S54554,n,CM-TOR-1
1286,81741,S41616,n,CM-TOR-1
1287,81743,S47042,n,CM-TOR-1
1288,81761,S20264,n,CM-TOR-1
1289,81787,S66717,n,CM-TOR-1
1290,81788,S62315,n,CM-TOR-1
1291,81790,S64335,n,CM-TOR-1
1292,81822,S47452,n,CM-TOR-1
1293,81828,S59502,n,CM-TOR-1
1294,81851,S58706,n,CM-TOR-1
1295,81855,S28264,n,CM-TOR-1
1296,81859,S28276,n,CM-TOR-1
1297,81868,S32675,n,CM-TOR-1
1298,81877,S32683,n,CM-TOR-1
1299,81895,S68035,n,CM-TOR-1
1300,81897,S68085,n,CM-TOR-1
1301,81901,S56963,n,CM-TOR-1
1302,81903,S68088,n,CM-TOR-1
1303,82000,S39372,n,CM-TOR-1
1304,82001,S34138,n,CM-TOR-1
1305,82002,S34139,n,CM-TOR-1
1306,82003,S34140,n,CM-TOR-1
1307,82004,S34144,n,CM-TOR-1
1308,82005,S34145,n,CM-TOR-1
1309,82006,S58998,n,CM-TOR-1
1310,82007,S34147,n,CM-TOR-1
1311,82008,S60003,n,CM-TOR-1
1312,82009,S63171,n,CM-TOR-1
1313,82011,S39723,n,CM-TOR-1
1314,82018,S41182,n,CM-TOR-1
1315,82027,S67915,n,CM-TOR-1
1316,82029,S44846,n,CM-TOR-1
1317,82031,S61148,n,CM-TOR-1
1318,82033,S47449,n,CM-TOR-1
1319,82044,S52171,n,CM-TOR-1
1320,82045,S52174,n,CM-TOR-1
1321,82046,S52177,n,CM-TOR-1
1322,82047,S52180,n,CM-TOR-1
1323,82050,S58452,n,CM-TOR-1
1324,82064,S58792,n,CM-TOR-1
1325,82077,S58750,n,CM-TOR-1
1326,82078,S58751,n,CM-TOR-1
1327,82079,S58752,n,CM-TOR-1
1328,82081,S58940,n,CM-TOR-1
1329,82082,S58959,n,CM-TOR-1
1330,82083,S58966,n,CM-TOR-1
1331,82084,S73359,n,CM-TOR-1
1332,82087,S59769,n,CM-TOR-1
1333,82096,S65417,n,CM-TOR-1
1334,82097,S73405,n,CM-TOR-1
1335,82138,S73417,n,CM-TOR-1
1336,82159,S35415,n,CM-TOR-1
1337,82179,S63266,n,CM-TOR-1
1338,82204,S51616,n,CM-TOR-1
1339,82206,S64210,n,CM-TOR-1
1340,82208,S77515,n,CM-TOR-1
1341,82214,S35562,n,CM-TOR-1
1342,82218,S35574,n,CM-TOR-1
1343,82225,S35595,n,CM-TOR-1
1344,82230,S60813,n,CM-TOR-1
1345,82257,S51628,n,CM-TOR-1
1346,82273,S35775,n,CM-TOR-1
1347,82318,S35907,n,CM-TOR-1
1348,82319,S35910,n,CM-TOR-1
1349,82340,S39355,n,CM-TOR-1
1350,82345,S65849,n,CM-TOR-1
1351,82359,S64394,n,CM-TOR-1
1352,82382,S36099,n,CM-TOR-1
1353,82398,S68389,n,CM-TOR-1
1354,82412,S34572,n,CM-TOR-1
1355,82414,S34578,n,CM-TOR-1
1356,82423,S34602,n,CM-TOR-1
1357,82453,S68671,n,CM-TOR-1
1358,82463,S49810,n,CM-TOR-1
1359,82465,S34728,n,CM-TOR-1
1360,82467,S34734,n,CM-TOR-1
1361,82479,S64563,n,CM-TOR-1
1362,82501,S35223,n,CM-TOR-1
1363,82503,S35217,n,CM-TOR-1
1364,82520,S35184,n,CM-TOR-1
1365,82523,S35193,n,CM-TOR-1
1366,82524,S35196,n,CM-TOR-1
1367,82525,S35199,n,CM-TOR-1
1368,82526,S35202,n,CM-TOR-1
1369,82536,S62379,n,CM-TOR-1
1370,82556,S33868,n,CM-TOR-1
1371,82567,S39270,n,CM-TOR-1
1372,82572,S38205,n,CM-TOR-1
1373,82582,S34875,n,CM-TOR-1
1374,82593,S62220,n,CM-TOR-1
1375,82599,S62382,n,CM-TOR-1
1376,82629,S64681,n,CM-TOR-1
1377,82630,S64687,n,CM-TOR-1
1378,82633,S67987,n,CM-TOR-1
1379,82642,S68401,n,CM-TOR-1
1380,82643,S68674,n,CM-TOR-1
1381,82644,S68677,n,CM-TOR-1
1382,82653,S60542,n,CM-TOR-1
1383,82676,S35001,n,CM-TOR-1
1384,82678,S68038,n,CM-TOR-1
1385,82683,S66229,n,CM-TOR-1
1386,82685,S35028,n,CM-TOR-1
1387,82691,S35043,n,CM-TOR-1
1388,82693,S64860,n,CM-TOR-1
1389,82713,S35106,n,CM-TOR-1
1390,82722,S35634,n,CM-TOR-1
1391,82723,S35637,n,CM-TOR-1
1392,82724,S35640,n,CM-TOR-1
1393,82726,S35646,n,CM-TOR-1
1394,82727,S35649,n,CM-TOR-1
1395,82728,S35652,n,CM-TOR-1
1396,82729,S35655,n,CM-TOR-1
1397,82730,S35658,n,CM-TOR-1
1398,82760,S67032,n,CM-TOR-1
1399,82778,S65773,n,CM-TOR-1
1400,82789,S68041,n,CM-TOR-1
1401,82793,S66483,n,CM-TOR-1
1402,82799,S68044,n,CM-TOR-1
1403,82818,S66991,n,CM-TOR-1
1404,82827,S67303,n,CM-TOR-1
1405,82829,S68415,n,CM-TOR-1
1406,82834,S67640,n,CM-TOR-1
1407,82850,S67739,n,CM-TOR-1
1408,82851,S67742,n,CM-TOR-1
1409,82859,S67771,n,CM-TOR-1
1410,82870,S68060,n,CM-TOR-1
1411,82873,S68369,n,CM-TOR-1
1412,82874,S68386,n,CM-TOR-1
1413,82881,S68760,n,CM-TOR-1
1414,82882,S68766,n,CM-TOR-1
1415,82888,S69024,n,CM-TOR-1
1416,82949,S65855,n,CM-TOR-1
1417,83006,S37505,n,CM-TOR-1
1418,83013,S25252,n,CM-TOR-1
1419,83016,S51444,n,CM-TOR-1
1420,83019,S14223,n,CM-TOR-1
1421,83031,S60622,n,CM-TOR-1
1422,83032,S14226,n,CM-TOR-1
1423,83061,S40684,n,CM-TOR-1
1424,83073,S14250,n,CM-TOR-1
1425,83079,S25459,n,CM-TOR-1
1426,83089,S14292,n,CM-TOR-1
1427,83101,S14328,n,CM-TOR-1
1428,83111,S19752,n,CM-TOR-1
1429,83128,S14409,n,CM-TOR-1
1430,83154,S14484,n,CM-TOR-1
1431,83157,S15702,n,CM-TOR-1
1432,83161,S63388,n,CM-TOR-1
1433,83163,S24792,n,CM-TOR-1
1434,83166,S62924,n,CM-TOR-1
1435,83169,S25051,n,CM-TOR-1
1436,83171,S21285,n,CM-TOR-1
1437,83173,S24660,n,CM-TOR-1
1438,83177,S25096,n,CM-TOR-1
1439,83178,S39141,n,CM-TOR-1
1440,83184,S24618,n,CM-TOR-1
1441,83185,S25072,n,CM-TOR-1
1442,83190,S68258,n,CM-TOR-1
1443,83194,S39225,n,CM-TOR-1
1444,83195,S38970,n,CM-TOR-1
1445,83197,S21297,n,CM-TOR-1
1446,83205,S25048,n,CM-TOR-1
1447,83215,S25270,n,CM-TOR-1
1448,83217,S65977,n,CM-TOR-1
1449,83221,S58086,n,CM-TOR-1
1450,83223,S24636,n,CM-TOR-1
1451,83226,S25081,n,CM-TOR-1
1452,83229,S25084,n,CM-TOR-1
1453,83230,S56798,n,CM-TOR-1
1454,83233,S40636,n,CM-TOR-1
1455,83234,S21303,n,CM-TOR-1
1456,83237,S29480,n,CM-TOR-1
1457,83242,S34495,n,CM-TOR-1
1458,83244,S25219,n,CM-TOR-1
1459,83246,S25261,n,CM-TOR-1
1460,83248,S25237,n,CM-TOR-1
1461,83249,S25075,n,CM-TOR-1
1462,83250,S21294,n,CM-TOR-1
1463,83252,S24771,n,CM-TOR-1
1464,83253,S62927,n,CM-TOR-1
1465,83267,S41496,n,CM-TOR-1
1466,83278,S58755,n,CM-TOR-1
1467,83281,S24480,n,CM-TOR-1
1468,83293,S60205,n,CM-TOR-1
1469,83300,S14535,n,CM-TOR-1
1470,83304,S64010,n,CM-TOR-1
1471,83312,S24519,n,CM-TOR-1
1472,83316,S73138,n,CM-TOR-1
1473,83345,S14841,n,CM-TOR-1
1474,83358,S19534,n,CM-TOR-1
1475,83365,S15899,n,CM-TOR-1
1476,83367,S16883,n,CM-TOR-1
1477,83369,S25276,n,CM-TOR-1
1478,83375,S15897,n,CM-TOR-1
1479,83385,S15898,n,CM-TOR-1
1480,83395,S63063,n,CM-TOR-1
1481,83397,S65794,n,CM-TOR-1
1482,83398,S61357,n,CM-TOR-1
1483,83416,S63324,n,CM-TOR-1
1484,83417,S65405,n,CM-TOR-1
1485,83421,S21089,n,CM-TOR-1
1486,83434,S19504,n,CM-TOR-1
1487,83451,S39960,n,CM-TOR-1
1488,83454,S39978,n,CM-TOR-1
1489,83456,S16784,n,CM-TOR-1
1490,83465,S28503,n,CM-TOR-1
1491,83470,S24889,n,CM-TOR-1
1492,83486,S31911,n,CM-TOR-1
1493,83491,S51488,n,CM-TOR-1
1494,83494,S32136,n,CM-TOR-1
1495,83501,S59529,n,CM-TOR-1
1496,83516,S64699,n,CM-TOR-1
1497,83547,S15060,n,CM-TOR-1
1498,83590,S15186,n,CM-TOR-1
1499,83591,S57229,n,CM-TOR-1
1500,83599,S15213,n,CM-TOR-1
1501,83609,S13764,n,CM-TOR-1
1502,83610,S14904,n,CM-TOR-1
1503,83677,S59205,n,CM-TOR-1
1504,83691,S14085,n,CM-TOR-1
1505,83699,S63640,n,CM-TOR-1
1506,83707,S14133,n,CM-TOR-1
1507,83711,S63096,n,CM-TOR-1
1508,83717,S67825,n,CM-TOR-1
1509,83722,S59569,n,CM-TOR-1
1510,83728,S15759,n,CM-TOR-1
1511,83743,S39887,n,CM-TOR-1
1512,83750,S15183,n,CM-TOR-1
1513,83786,S13878,n,CM-TOR-1
1514,83787,S13881,n,CM-TOR-1
1515,83788,S13884,n,CM-TOR-1
1516,83791,S13896,n,CM-TOR-1
1517,83795,S13908,n,CM-TOR-1
1518,83808,S39598,n,CM-TOR-1
1519,83811,S39713,n,CM-TOR-1
1520,83815,S40004,n,CM-TOR-1
1521,83816,S15276,n,CM-TOR-1
1522,83824,S40274,n,CM-TOR-1
1523,83825,S15896,n,CM-TOR-1
1524,83826,S16668,n,CM-TOR-1
1525,83829,S39981,n,CM-TOR-1
1526,83835,S16827,n,CM-TOR-1
1527,83854,S59146,n,CM-TOR-1
1528,83867,S34185,n,CM-TOR-1
1529,83872,S37408,n,CM-TOR-1
1530,83879,S37429,n,CM-TOR-1
1531,83881,S37435,n,CM-TOR-1
1532,83890,S40122,n,CM-TOR-1
1533,83899,S34148,n,CM-TOR-1
1534,83905,S40415,n,CM-TOR-1
1535,83908,S38138,n,CM-TOR-1
1536,83913,S38444,n,CM-TOR-1
1537,83921,S38577,n,CM-TOR-1
1538,83926,S58972,n,CM-TOR-1
1539,83939,S38805,n,CM-TOR-1
1540,83951,S38847,n,CM-TOR-1
1541,83953,S55423,n,CM-TOR-1
1542,83969,S56893,n,CM-TOR-1
1543,83972,S56905,n,CM-TOR-1
1544,83979,S56976,n,CM-TOR-1
1545,83991,S56988,n,CM-TOR-1
1546,83992,S56991,n,CM-TOR-1
1547,83995,S57000,n,CM-TOR-1
1548,84033,S25240,n,CM-TOR-1
1549,84038,S14562,n,CM-TOR-1
1550,84060,S24780,n,CM-TOR-1
1551,84065,S59759,n,CM-TOR-1
1552,84081,S25255,n,CM-TOR-1
1553,84083,S15597,n,CM-TOR-1
1554,84089,S25123,n,CM-TOR-1
1555,84093,S59402,n,CM-TOR-1
1556,84097,S25264,n,CM-TOR-1
1557,84104,S65203,n,CM-TOR-1
1558,84105,S41239,n,CM-TOR-1
1559,84108,S24436,n,CM-TOR-1
1560,84122,S24819,n,CM-TOR-1
1561,84126,S25246,n,CM-TOR-1
1562,84140,S24566,n,CM-TOR-1
1563,84146,S58782,n,CM-TOR-1
1564,84156,S38147,n,CM-TOR-1
1565,84172,S15888,n,CM-TOR-1
1566,84185,S14628,n,CM-TOR-1
1567,84195,S25222,n,CM-TOR-1
1568,84203,S24810,n,CM-TOR-1
1569,84248,S21300,n,CM-TOR-1
1570,84250,S21291,n,CM-TOR-1
1571,84253,S54545,n,CM-TOR-1
1572,84256,S39795,n,CM-TOR-1
1573,84264,S15624,n,CM-TOR-1
1574,84278,S39895,n,CM-TOR-1
1575,84279,S24798,n,CM-TOR-1
1576,84280,S37411,n,CM-TOR-1
1577,84282,S14685,n,CM-TOR-1
1578,84286,S14688,n,CM-TOR-1
1579,84302,S14706,n,CM-TOR-1
1580,84325,S24446,n,CM-TOR-1
1581,84337,S25228,n,CM-TOR-1
1582,84338,S24433,n,CM-TOR-1
1583,84345,S25231,n,CM-TOR-1
1584,84347,S36518,n,CM-TOR-1
1585,84364,S24440,n,CM-TOR-1
1586,84367,S14766,n,CM-TOR-1
1587,84371,S36527,n,CM-TOR-1
1588,84398,S36557,n,CM-TOR-1
1589,84401,S25109,n,CM-TOR-1
1590,84406,S59399,n,CM-TOR-1
1591,84419,S60851,n,CM-TOR-1
1592,84501,S38908,n,CM-TOR-1
1593,84538,S25120,n,CM-TOR-1
1594,84567,S36662,n,CM-TOR-1
1595,84568,S37293,n,CM-TOR-1
1596,84569,S36626,n,CM-TOR-1
1597,84570,S52888,n,CM-TOR-1
1598,84933,S38656,n,CM-TOR-1
1599,86036,S58607,n,CM-TOR-1
1600,86037,S58610,n,CM-TOR-1
1601,86100,S61417,n,CM-TOR-1
1602,86123,S64342,n,CM-TOR-1
1603,86149,S40156,n,CM-TOR-1
1604,86155,S21830,n,CM-TOR-1
1605,86167,S64343,n,CM-TOR-1
1606,86172,S64344,n,CM-TOR-1
1607,86176,S40162,n,CM-TOR-1
1608,86189,S22805,n,CM-TOR-1
1609,86194,S61233,n,CM-TOR-1
1610,86207,S53124,n,CM-TOR-1
1611,86211,S24607,n,CM-TOR-1
1612,86231,S22937,n,CM-TOR-1
1613,86245,S22979,n,CM-TOR-1
1614,86251,S22997,n,CM-TOR-1
1615,86253,S40813,n,CM-TOR-1
1616,86266,S23039,n,CM-TOR-1
1617,86268,S23045,n,CM-TOR-1
1618,86289,S24613,n,CM-TOR-1
1619,86297,S28328,n,CM-TOR-1
1620,86302,S24615,n,CM-TOR-1
1621,86306,S62284,n,CM-TOR-1
1622,86319,S21242,n,CM-TOR-1
1623,86320,S23748,n,CM-TOR-1
1624,86321,S21255,n,CM-TOR-1
1625,86329,S61236,n,CM-TOR-1
1626,86335,S28341,n,CM-TOR-1
1627,86338,S41010,n,CM-TOR-1
1628,86339,S41016,n,CM-TOR-1
1629,86340,S21908,n,CM-TOR-1
1630,86350,S61852,n,CM-TOR-1
1631,86351,S40997,n,CM-TOR-1
1632,86362,S22307,n,CM-TOR-1
1633,86370,S52037,n,CM-TOR-1
1634,86392,S62889,n,CM-TOR-1
1635,86408,S22781,n,CM-TOR-1
1636,86409,S22784,n,CM-TOR-1
1637,86411,S24608,n,CM-TOR-1
1638,86412,S24609,n,CM-TOR-1
1639,86413,S24610,n,CM-TOR-1
1640,86414,S24611,n,CM-TOR-1
1641,86416,S40363,n,CM-TOR-1
1642,86417,S51137,n,CM-TOR-1
1643,86449,S64066,n,CM-TOR-1
1644,86488,S22229,n,CM-TOR-1
1645,86509,S29627,n,CM-TOR-1
1646,86530,S61309,n,CM-TOR-1
1647,86536,S29658,n,CM-TOR-1
1648,86545,S61910,n,CM-TOR-1
1649,86570,S21665,n,CM-TOR-1
1650,86588,S67819,n,CM-TOR-1
1651,86591,S22148,n,CM-TOR-1
1652,86594,S24606,n,CM-TOR-1
1653,86599,S24612,n,CM-TOR-1
1654,86600,S67822,n,CM-TOR-1
1655,86621,S58674,n,CM-TOR-1
1656,86624,S21863,n,CM-TOR-1
1657,86628,S40839,n,CM-TOR-1
1658,86634,S21929,n,CM-TOR-1
1659,86655,S58134,n,CM-TOR-1
1660,86681,S59064,n,CM-TOR-1
1661,86682,S27868,n,CM-TOR-1
1662,86683,S29664,n,CM-TOR-1
1663,86684,S37373,n,CM-TOR-1
1664,86711,S59310,n,CM-TOR-1
1665,86713,S61824,n,CM-TOR-1
1666,86719,S24336,n,CM-TOR-1
1667,86727,S40126,n,CM-TOR-1
1668,86751,S24853,n,CM-TOR-1
1669,86770,S47560,n,CM-TOR-1
1670,86775,S54414,n,CM-TOR-1
1671,86777,S59708,n,CM-TOR-1
1672,86795,S60029,n,CM-TOR-1
1673,86805,S28736,n,CM-TOR-1
1674,86806,S28588,n,CM-TOR-1
1675,86809,S28589,n,CM-TOR-1
1676,86812,S28444,n,CM-TOR-1
1677,86821,S28586,n,CM-TOR-1
1678,86825,S28535,n,CM-TOR-1
1679,86827,S28541,n,CM-TOR-1
1680,86829,S28547,n,CM-TOR-1
1681,86830,S28550,n,CM-TOR-1
1682,86957,S28654,n,CM-TOR-1
1683,86961,S28666,n,CM-TOR-1
1684,86966,S56878,n,CM-TOR-1
1685,86972,S63688,n,CM-TOR-1
1686,86973,S63689,n,CM-TOR-1
1687,86985,S63167,n,CM-TOR-1
1688,87002,S62007,n,CM-TOR-1
1689,87003,S25537,n,CM-TOR-1
1690,87004,S40111,n,CM-TOR-1
1691,87006,S67996,n,CM-TOR-1
1692,87008,S67999,n,CM-TOR-1
1693,87023,S58097,n,CM-TOR-1
1694,87035,S62010,n,CM-TOR-1
1695,87048,S29623,n,CM-TOR-1
1696,87065,S37448,n,CM-TOR-1
1697,87078,S25744,n,CM-TOR-1
1698,87086,S40663,n,CM-TOR-1
1699,87092,S58876,n,CM-TOR-1
1700,87116,S40674,n,CM-TOR-1
1701,87148,S25939,n,CM-TOR-1
1702,87150,S25945,n,CM-TOR-1
1703,87153,S40643,n,CM-TOR-1
1704,87161,S39328,n,CM-TOR-1
1705,87166,S49733,n,CM-TOR-1
1706,87178,S51602,n,CM-TOR-1
1707,87200,S27950,n,CM-TOR-1
1708,87207,S26095,n,CM-TOR-1
1709,87222,S27951,n,CM-TOR-1
1710,87226,S65968,n,CM-TOR-1
1711,87248,S64430,n,CM-TOR-1
1712,87256,S26230,n,CM-TOR-1
1713,87271,S58149,n,CM-TOR-1
1714,87282,S72995,n,CM-TOR-1
1715,87320,S26407,n,CM-TOR-1
1716,87321,S61035,n,CM-TOR-1
1717,87329,S26434,n,CM-TOR-1
1718,87331,S37532,n,CM-TOR-1
1719,87336,S37400,n,CM-TOR-1
1720,87384,S40451,n,CM-TOR-1
1721,87408,S52480,n,CM-TOR-1
1722,87427,S65059,n,CM-TOR-1
1723,87442,S61519,n,CM-TOR-1
1724,87444,S61627,n,CM-TOR-1
1725,87458,S38911,n,CM-TOR-1
1726,87498,S26908,n,CM-TOR-1
1727,87501,S37402,n,CM-TOR-1
1728,87529,S53062,n,CM-TOR-1
1729,87537,S27016,n,CM-TOR-1
1730,87540,S27025,n,CM-TOR-1
1731,87546,S27043,n,CM-TOR-1
1732,87572,S58068,n,CM-TOR-1
1733,87573,S66191,n,CM-TOR-1
1734,87579,S65053,n,CM-TOR-1
1735,87607,S38590,n,CM-TOR-1
1736,87612,S51403,n,CM-TOR-1
1737,87614,S51658,n,CM-TOR-1
1738,87615,S59218,n,CM-TOR-1
1739,87628,S59497,n,CM-TOR-1
1740,87630,S61442,n,CM-TOR-1
1741,87635,S62221,n,CM-TOR-1
1742,87636,S62222,n,CM-TOR-1
1743,87638,S62451,n,CM-TOR-1
1744,87643,S63069,n,CM-TOR-1
1745,87644,S63154,n,CM-TOR-1
1746,87652,S63311,n,CM-TOR-1
1747,87653,S63837,n,CM-TOR-1
1748,87656,S63327,n,CM-TOR-1
1749,87666,S65056,n,CM-TOR-1
1750,87699,S68361,n,CM-TOR-1
1751,87700,S27181,n,CM-TOR-1
1752,87706,S55390,n,CM-TOR-1
1753,87712,S27214,n,CM-TOR-1
1754,87714,S27220,n,CM-TOR-1
1755,87715,S27223,n,CM-TOR-1
1756,87722,S28091,n,CM-TOR-1
1757,87728,S41252,n,CM-TOR-1
1758,87731,S27271,n,CM-TOR-1
1759,87739,S27295,n,CM-TOR-1
1760,87740,S27298,n,CM-TOR-1
1761,87742,S27304,n,CM-TOR-1
1762,87756,S27340,n,CM-TOR-1
1763,87775,S27397,n,CM-TOR-1
1764,87801,S27854,n,CM-TOR-1
1765,87812,S39734,n,CM-TOR-1
1766,87814,S37681,n,CM-TOR-1
1767,87815,S27472,n,CM-TOR-1
1768,87818,S27481,n,CM-TOR-1
1769,87824,S27499,n,CM-TOR-1
1770,87827,S27508,n,CM-TOR-1
1771,87840,S59298,n,CM-TOR-1
1772,87844,S27559,n,CM-TOR-1
1773,87855,S47540,n,CM-TOR-1
1774,87866,S47543,n,CM-TOR-1
1775,87872,S57127,n,CM-TOR-1
1776,87873,S27643,n,CM-TOR-1
1777,87915,S27757,n,CM-TOR-1
1778,87918,S27763,n,CM-TOR-1
1779,87929,S28104,n,CM-TOR-1
1780,87930,S28422,n,CM-TOR-1
1781,87931,S28106,n,CM-TOR-1
1782,87932,S27942,n,CM-TOR-1
1783,87936,S28107,n,CM-TOR-1
1784,87945,S27941,n,CM-TOR-1
1785,87946,S27814,n,CM-TOR-1
1786,87952,S60026,n,CM-TOR-1
1787,87954,S01134,n,CM-TOR-1
1788,87960,S27886,n,CM-TOR-1
1789,87962,S27892,n,CM-TOR-1
1790,87967,S62448,n,CM-TOR-1
1791,87983,S28046,n,CM-TOR-1
1792,87984,S28108,n,CM-TOR-1
1793,87986,S28735,n,CM-TOR-1
1794,88009,S15762,n,CM-TOR-1
1795,88034,S12652,n,CM-TOR-1
1796,88038,S58506,n,CM-TOR-1
1797,88039,S12658,n,CM-TOR-1
1798,88040,S13461,n,CM-TOR-1
1799,88052,S39884,n,CM-TOR-1
1800,88075,S13506,n,CM-TOR-1
1801,88087,S12715,n,CM-TOR-1
1802,88096,S64165,n,CM-TOR-1
1803,88113,S60384,n,CM-TOR-1
1804,88116,S12763,n,CM-TOR-1
1805,88118,S63174,n,CM-TOR-1
1806,88122,S12775,n,CM-TOR-1
1807,88124,S16865,n,CM-TOR-1
1808,88125,S64045,n,CM-TOR-1
1809,88126,S62369,n,CM-TOR-1
1810,88155,S15783,n,CM-TOR-1
1811,88163,S12832,n,CM-TOR-1
1812,88192,S13581,n,CM-TOR-1
1813,88215,S57136,n,CM-TOR-1
1814,88225,S36815,n,CM-TOR-1
1815,88274,S28322,n,CM-TOR-1
1816,88277,S36932,n,CM-TOR-1
1817,88291,S37549,n,CM-TOR-1
1818,88297,S36602,n,CM-TOR-1
1819,88377,S24657,n,CM-TOR-1
1820,88385,S24642,n,CM-TOR-1
1821,88387,S25087,n,CM-TOR-1
1822,88388,S24430,n,CM-TOR-1
1823,88390,S24654,n,CM-TOR-1
1824,88393,S24645,n,CM-TOR-1
1825,88401,S01833,n,CM-TOR-1
1826,88404,S24813,n,CM-TOR-1
1827,88407,S51737,n,CM-TOR-1
1828,88412,S39126,n,CM-TOR-1
1829,88414,S40335,n,CM-TOR-1
1830,88415,S24804,n,CM-TOR-1
1831,88416,S24822,n,CM-TOR-1
1832,88417,S65800,n,CM-TOR-1
1833,88418,S25090,n,CM-TOR-1
1834,88420,S25249,n,CM-TOR-1
1835,88422,S24621,n,CM-TOR-1
1836,88423,S24624,n,CM-TOR-1
1837,88424,S25225,n,CM-TOR-1
1838,88429,S24663,n,CM-TOR-1
1839,88432,S25054,n,CM-TOR-1
1840,88436,S25291,n,CM-TOR-1
1841,88442,S13587,n,CM-TOR-1
1842,88443,S25060,n,CM-TOR-1
1843,88445,S25063,n,CM-TOR-1
1844,88447,S24846,n,CM-TOR-1
1845,88448,S24630,n,CM-TOR-1
1846,88450,S25066,n,CM-TOR-1
1847,88456,S39163,n,CM-TOR-1
1848,88459,S58559,n,CM-TOR-1
1849,88460,S21288,n,CM-TOR-1
1850,88462,S40983,n,CM-TOR-1
1851,88464,S24801,n,CM-TOR-1
1852,88466,S28734,n,CM-TOR-1
1853,88467,S24651,n,CM-TOR-1
1854,88468,S24783,n,CM-TOR-1
1855,88471,S13590,n,CM-TOR-1
1856,88474,S24758,n,CM-TOR-1
1857,88478,S25069,n,CM-TOR-1
1858,88479,S39203,n,CM-TOR-1
1859,88480,S24627,n,CM-TOR-1
1860,88481,S25216,n,CM-TOR-1
1861,88497,S39592,n,CM-TOR-1
1862,88517,S25078,n,CM-TOR-1
1863,88539,S25113,n,CM-TOR-1
1864,88560,S20724,n,CM-TOR-1
1865,88562,S15696,n,CM-TOR-1
1866,88567,S65947,n,CM-TOR-1
1867,88575,S38016,n,CM-TOR-1
1868,88592,S25057,n,CM-TOR-1
1869,88602,S12895,n,CM-TOR-1
1870,88609,S21184,n,CM-TOR-1
1871,88935,S24774,n,CM-TOR-1
1872,88938,S24777,n,CM-TOR-1
1873,88944,S39156,n,CM-TOR-1
1874,88946,S25105,n,CM-TOR-1
1875,88952,S63080,n,CM-TOR-1
1876,88981,S24639,n,CM-TOR-1
1877,88992,S41568,n,CM-TOR-1
1878,141861,S16722,n,CM-TOR-1
1879,141862,S16643,n,CM-TOR-1
1880,141863,S16646,n,CM-TOR-1
1881,141864,S16649,n,CM-TOR-1
1882,141865,S16652,n,CM-TOR-1
1883,141866,S16655,n,CM-TOR-1
1884,141867,S16658,n,CM-TOR-1
1885,141868,S16661,n,CM-TOR-1
1886,141869,S16664,n,CM-TOR-1
1887,141870,S16725,n,CM-TOR-1
1888,141871,S16728,n,CM-TOR-1
1889,142272,S55541,n,CM-TOR-1
1890,142273,S55544,n,CM-TOR-1
1891,142274,S55547,n,CM-TOR-1
1892,142275,S55550,n,CM-TOR-1
1893,142276,S55553,n,CM-TOR-1
1894,142277,S55556,n,CM-TOR-1
1895,142278,S55559,n,CM-TOR-1
1896,142279,S55562,n,CM-TOR-1
1897,142280,S55565,n,CM-TOR-1
1898,142281,S55568,n,CM-TOR-1
1899,142282,S55571,n,CM-TOR-1
1900,142283,S55574,n,CM-TOR-1
1901,142284,S55577,n,CM-TOR-1
1902,142285,S55580,n,CM-TOR-1
1903,142286,S55583,n,CM-TOR-1
1904,142287,S55586,n,CM-TOR-1
1905,142288,S55589,n,CM-TOR-1
1906,142289,S55592,n,CM-TOR-1
1907,142290,S55595,n,CM-TOR-1
1908,142291,S55598,n,CM-TOR-1
1909,142292,S55601,n,CM-TOR-1
1910,142293,S55604,n,CM-TOR-1
1911,142294,S55607,n,CM-TOR-1
1912,142295,S55610,n,CM-TOR-1
1913,142296,S55613,n,CM-TOR-1
1914,142297,S55616,n,CM-TOR-1
1915,142298,S55619,n,CM-TOR-1
1916,142299,S55622,n,CM-TOR-1
1917,142300,S55625,n,CM-TOR-1
1918,142301,S55628,n,CM-TOR-1
1919,142302,S55631,n,CM-TOR-1
1920,142303,S55634,n,CM-TOR-1
1921,142304,S55637,n,CM-TOR-1
1922,142305,S55640,n,CM-TOR-1
1923,142306,S55643,n,CM-TOR-1
1924,142307,S55646,n,CM-TOR-1
1925,142308,S55649,n,CM-TOR-1
1926,142309,S55652,n,CM-TOR-1
1927,142310,S55655,n,CM-TOR-1
1928,142311,S55658,n,CM-TOR-1
1929,142312,S55661,n,CM-TOR-1
1930,142313,S55664,n,CM-TOR-1
1931,142314,S55667,n,CM-TOR-1
1932,142315,S55670,n,CM-TOR-1
1933,142316,S55673,n,CM-TOR-1
1934,142317,S55676,n,CM-TOR-1
1935,142318,S55679,n,CM-TOR-1
1936,142319,S55682,n,CM-TOR-1
1937,142320,S55685,n,CM-TOR-1
1938,142321,S55688,n,CM-TOR-1
1939,142322,S55691,n,CM-TOR-1
1940,142323,S55694,n,CM-TOR-1
1941,142324,S55697,n,CM-TOR-1
1942,142325,S55700,n,CM-TOR-1
1943,142326,S55703,n,CM-TOR-1
1944,142327,S55706,n,CM-TOR-1
1945,142328,S55709,n,CM-TOR-1
1946,142329,S55712,n,CM-TOR-1
1947,142330,S55715,n,CM-TOR-1
1948,142331,S55718,n,CM-TOR-1
1949,142332,S55721,n,CM-TOR-1
1950,142333,S55724,n,CM-TOR-1
1951,142334,S55727,n,CM-TOR-1
1952,142335,S55730,n,CM-TOR-1
1953,142336,S55733,n,CM-TOR-1
1954,142337,S55736,n,CM-TOR-1
1955,142338,S55739,n,CM-TOR-1
1956,142339,S55742,n,CM-TOR-1
1957,142340,S55745,n,CM-TOR-1
1958,142341,S55748,n,CM-TOR-1
1959,142342,S55751,n,CM-TOR-1
1960,142343,S55754,n,CM-TOR-1
1961,142344,S55757,n,CM-TOR-1
1962,142345,S55760,n,CM-TOR-1
1963,142346,S55763,n,CM-TOR-1
1964,142347,S55766,n,CM-TOR-1
1965,142348,S55769,n,CM-TOR-1
1966,142349,S55772,n,CM-TOR-1
1967,142350,S55775,n,CM-TOR-1
1968,142351,S55778,n,CM-TOR-1
1969,142352,S55781,n,CM-TOR-1
1970,142353,S55784,n,CM-TOR-1
1971,142354,S55787,n,CM-TOR-1
1972,142355,S55790,n,CM-TOR-1
1973,142356,S55793,n,CM-TOR-1
1974,142357,S55796,n,CM-TOR-1
1975,142358,S55799,n,CM-TOR-1
1976,142359,S55802,n,CM-TOR-1
1977,142360,S55805,n,CM-TOR-1
1978,142361,S55808,n,CM-TOR-1
1979,142362,S55811,n,CM-TOR-1
1980,142363,S55814,n,CM-TOR-1
1981,142364,S55817,n,CM-TOR-1
1982,142365,S55820,n,CM-TOR-1
1983,142366,S55823,n,CM-TOR-1
1984,142367,S55826,n,CM-TOR-1
1985,142368,S55829,n,CM-TOR-1
1986,142369,S55832,n,CM-TOR-1
1987,142370,S55835,n,CM-TOR-1
1988,142371,S55838,n,CM-TOR-1
1989,142372,S55841,n,CM-TOR-1
1990,142373,S55844,n,CM-TOR-1
1991,142374,S55847,n,CM-TOR-1
1992,142375,S55850,n,CM-TOR-1
1993,142376,S55853,n,CM-TOR-1
1994,142377,S55856,n,CM-TOR-1
1995,142378,S55859,n,CM-TOR-1
1996,142379,S55862,n,CM-TOR-1
1997,142380,S55865,n,CM-TOR-1
1998,142381,S55868,n,CM-TOR-1
1999,142382,S55871,n,CM-TOR-1
2000,142383,S55874,n,CM-TOR-1
2001,142384,S55877,n,CM-TOR-1
2002,142385,S55880,n,CM-TOR-1
2003,142386,S55883,n,CM-TOR-1
2004,142387,S55886,n,CM-TOR-1
2005,142388,S55889,n,CM-TOR-1
2006,142389,S55892,n,CM-TOR-1
2007,142390,S55895,n,CM-TOR-1
2008,142391,S55898,n,CM-TOR-1
2009,142392,S55901,n,CM-TOR-1
2010,142393,S55904,n,CM-TOR-1
2011,142394,S55907,n,CM-TOR-1
2012,142395,S55910,n,CM-TOR-1
2013,142396,S55913,n,CM-TOR-1
2014,142397,S55916,n,CM-TOR-1
2015,142398,S55919,n,CM-TOR-1
2016,142399,S55922,n,CM-TOR-1
2017,142400,S55925,n,CM-TOR-1
2018,142401,S55928,n,CM-TOR-1
2019,142402,S55931,n,CM-TOR-1
2020,142403,S55934,n,CM-TOR-1
2021,142404,S55937,n,CM-TOR-1
2022,142405,S55940,n,CM-TOR-1
2023,142406,S55943,n,CM-TOR-1
2024,142407,S55946,n,CM-TOR-1
2025,142408,S55949,n,CM-TOR-1
2026,142409,S55952,n,CM-TOR-1
2027,142410,S55955,n,CM-TOR-1
2028,142411,S55958,n,CM-TOR-1
2029,142412,S55961,n,CM-TOR-1
2030,142413,S55964,n,CM-TOR-1
2031,142414,S55967,n,CM-TOR-1
2032,142415,S55970,n,CM-TOR-1
2033,142416,S55973,n,CM-TOR-1
2034,142417,S55976,n,CM-TOR-1
2035,142418,S55979,n,CM-TOR-1
2036,142419,S55982,n,CM-TOR-1
2037,142420,S55985,n,CM-TOR-1
2038,142421,S55988,n,CM-TOR-1
2039,142422,S55991,n,CM-TOR-1
2040,142423,S55994,n,CM-TOR-1
2041,142424,S55997,n,CM-TOR-1
2042,142425,S56000,n,CM-TOR-1
2043,142426,S56003,n,CM-TOR-1
2044,142427,S56006,n,CM-TOR-1
2045,142428,S56009,n,CM-TOR-1
2046,142429,S56012,n,CM-TOR-1
2047,142430,S56015,n,CM-TOR-1
2048,142431,S56018,n,CM-TOR-1
2049,142432,S56021,n,CM-TOR-1
2050,142433,S56024,n,CM-TOR-1
2051,142434,S56027,n,CM-TOR-1
2052,142435,S56030,n,CM-TOR-1
2053,142436,S56033,n,CM-TOR-1
2054,142437,S56036,n,CM-TOR-1
2055,142438,S56039,n,CM-TOR-1
2056,142439,S56042,n,CM-TOR-1
2057,142440,S56045,n,CM-TOR-1
2058,142441,S56048,n,CM-TOR-1
2059,142442,S56051,n,CM-TOR-1
2060,142443,S56054,n,CM-TOR-1
2061,142444,S56057,n,CM-TOR-1
2062,142445,S56060,n,CM-TOR-1
2063,142446,S56063,n,CM-TOR-1
2064,142447,S56066,n,CM-TOR-1
2065,142448,S56069,n,CM-TOR-1
2066,142449,S56072,n,CM-TOR-1
2067,142450,S56075,n,CM-TOR-1
2068,142451,S56078,n,CM-TOR-1
2069,142452,S56081,n,CM-TOR-1
2070,142453,S56084,n,CM-TOR-1
2071,142454,S56087,n,CM-TOR-1
2072,142455,S56090,n,CM-TOR-1
2073,142456,S56093,n,CM-TOR-1
2074,142457,S56096,n,CM-TOR-1
2075,142458,S56099,n,CM-TOR-1
2076,142459,S56102,n,CM-TOR-1
2077,142460,S56105,n,CM-TOR-1
2078,142461,S56108,n,CM-TOR-1
2079,142462,S56111,n,CM-TOR-1
2080,142463,S56114,n,CM-TOR-1
2081,142464,S56117,n,CM-TOR-1
2082,142465,S56120,n,CM-TOR-1
2083,142466,S56123,n,CM-TOR-1
2084,142467,S56126,n,CM-TOR-1
2085,142468,S56129,n,CM-TOR-1
2086,142469,S56132,n,CM-TOR-1
2087,142470,S56135,n,CM-TOR-1
2088,142471,S56138,n,CM-TOR-1
2089,142472,S56141,n,CM-TOR-1
2090,142473,S56144,n,CM-TOR-1
2091,142474,S56147,n,CM-TOR-1
2092,142475,S56150,n,CM-TOR-1
2093,142476,S56153,n,CM-TOR-1
2094,142477,S56156,n,CM-TOR-1
2095,142478,S56159,n,CM-TOR-1
2096,142479,S56162,n,CM-TOR-1
2097,142480,S56165,n,CM-TOR-1
2098,142481,S56168,n,CM-TOR-1
2099,142482,S56171,n,CM-TOR-1
2100,142483,S56174,n,CM-TOR-1
2101,142484,S56177,n,CM-TOR-1
2102,142485,S56180,n,CM-TOR-1
2103,142486,S56183,n,CM-TOR-1
2104,142487,S56186,n,CM-TOR-1
2105,142488,S56189,n,CM-TOR-1
2106,142489,S56192,n,CM-TOR-1
2107,142490,S56195,n,CM-TOR-1
2108,142491,S56198,n,CM-TOR-1
2109,142492,S56201,n,CM-TOR-1
2110,142493,S56204,n,CM-TOR-1
2111,142494,S56207,n,CM-TOR-1
2112,142495,S56210,n,CM-TOR-1
2113,142496,S56213,n,CM-TOR-1
2114,142497,S56216,n,CM-TOR-1
2115,142498,S56219,n,CM-TOR-1
2116,142499,S56222,n,CM-TOR-1
2117,142500,S56225,n,CM-TOR-1
2118,142501,S56228,n,CM-TOR-1
2119,142502,S56231,n,CM-TOR-1
2120,142503,S56234,n,CM-TOR-1
2121,142504,S56237,n,CM-TOR-1
2122,142505,S56240,n,CM-TOR-1
2123,142506,S56243,n,CM-TOR-1
2124,142507,S56246,n,CM-TOR-1
2125,142508,S56249,n,CM-TOR-1
2126,142509,S56252,n,CM-TOR-1
2127,142510,S56255,n,CM-TOR-1
2128,142511,S56258,n,CM-TOR-1
2129,142512,S56261,n,CM-TOR-1
2130,142513,S56264,n,CM-TOR-1
2131,142514,S56267,n,CM-TOR-1
2132,142515,S56270,n,CM-TOR-1
2133,142516,S56273,n,CM-TOR-1
2134,142517,S56276,n,CM-TOR-1
2135,142518,S56279,n,CM-TOR-1
2136,142519,S56282,n,CM-TOR-1
2137,142520,S56285,n,CM-TOR-1
2138,142521,S56288,n,CM-TOR-1
2139,142522,S56291,n,CM-TOR-1
2140,142523,S56294,n,CM-TOR-1
2141,142524,S56297,n,CM-TOR-1
2142,142525,S56300,n,CM-TOR-1
2143,142526,S56303,n,CM-TOR-1
2144,142527,S56306,n,CM-TOR-1
2145,142528,S56309,n,CM-TOR-1
2146,142529,S56312,n,CM-TOR-1
2147,142530,S56315,n,CM-TOR-1
2148,142531,S56318,n,CM-TOR-1
2149,142532,S56321,n,CM-TOR-1
2150,142533,S56324,n,CM-TOR-1
2151,142534,S56327,n,CM-TOR-1
2152,142535,S56330,n,CM-TOR-1
2153,142536,S56333,n,CM-TOR-1
2154,142537,S56336,n,CM-TOR-1
2155,142538,S56339,n,CM-TOR-1
2156,142539,S56342,n,CM-TOR-1
2157,142540,S56345,n,CM-TOR-1
2158,142541,S56348,n,CM-TOR-1
2159,142542,S56351,n,CM-TOR-1
2160,142543,S56354,n,CM-TOR-1
2161,142544,S56357,n,CM-TOR-1
2162,142545,S56360,n,CM-TOR-1
2163,142546,S56363,n,CM-TOR-1
2164,142547,S56366,n,CM-TOR-1
2165,142548,S56369,n,CM-TOR-1
2166,142549,S56372,n,CM-TOR-1
2167,142550,S56375,n,CM-TOR-1
2168,142551,S56378,n,CM-TOR-1
2169,142552,S56381,n,CM-TOR-1
2170,142553,S56384,n,CM-TOR-1
2171,142554,S56387,n,CM-TOR-1
2172,142555,S56390,n,CM-TOR-1
2173,142556,S56393,n,CM-TOR-1
2174,142557,S56396,n,CM-TOR-1
2175,142558,S56399,n,CM-TOR-1
2176,142559,S56402,n,CM-TOR-1
2177,142560,S56405,n,CM-TOR-1
2178,142561,S56408,n,CM-TOR-1
2179,142562,S56411,n,CM-TOR-1
2180,142563,S56414,n,CM-TOR-1
2181,142564,S56417,n,CM-TOR-1
2182,142565,S56420,n,CM-TOR-1
2183,142566,S56423,n,CM-TOR-1
2184,142567,S56426,n,CM-TOR-1
2185,142568,S56429,n,CM-TOR-1
2186,142569,S56432,n,CM-TOR-1
2187,142570,S56435,n,CM-TOR-1
2188,142571,S56438,n,CM-TOR-1
2189,142572,S56441,n,CM-TOR-1
2190,142573,S56444,n,CM-TOR-1
2191,142574,S56447,n,CM-TOR-1
2192,142575,S56450,n,CM-TOR-1
2193,142576,S56453,n,CM-TOR-1
2194,142577,S56456,n,CM-TOR-1
2195,142578,S56459,n,CM-TOR-1
2196,142579,S56462,n,CM-TOR-1
2197,142580,S56465,n,CM-TOR-1
2198,142581,S56468,n,CM-TOR-1
2199,142582,S56471,n,CM-TOR-1
2200,142583,S56474,n,CM-TOR-1
2201,142584,S56477,n,CM-TOR-1
2202,142585,S56480,n,CM-TOR-1
2203,142586,S56483,n,CM-TOR-1
2204,142587,S56486,n,CM-TOR-1
2205,142588,S56489,n,CM-TOR-1
2206,142589,S56492,n,CM-TOR-1
2207,142590,S56495,n,CM-TOR-1
2208,142591,S56498,n,CM-TOR-1
2209,142592,S56501,n,CM-TOR-1
2210,142593,S56504,n,CM-TOR-1
2211,142594,S56507,n,CM-TOR-1
2212,142595,S56510,n,CM-TOR-1
2213,142596,S56513,n,CM-TOR-1
2214,142597,S56516,n,CM-TOR-1
2215,142598,S56519,n,CM-TOR-1
2216,142599,S56522,n,CM-TOR-1
2217,142600,S56525,n,CM-TOR-1
2218,142601,S56528,n,CM-TOR-1
2219,142602,S56531,n,CM-TOR-1
2220,142603,S56534,n,CM-TOR-1
2221,142604,S56537,n,CM-TOR-1
2222,142605,S56540,n,CM-TOR-1
2223,142606,S56543,n,CM-TOR-1
2224,142607,S56546,n,CM-TOR-1
2225,142608,S56549,n,CM-TOR-1
2226,142609,S56552,n,CM-TOR-1
2227,142610,S56555,n,CM-TOR-1
2228,142611,S56558,n,CM-TOR-1
2229,142612,S56561,n,CM-TOR-1
2230,142613,S56564,n,CM-TOR-1
2231,142614,S56567,n,CM-TOR-1
2232,142615,S56570,n,CM-TOR-1
2233,142616,S56573,n,CM-TOR-1
2234,142617,S56576,n,CM-TOR-1
2235,142618,S56579,n,CM-TOR-1
2236,142619,S56582,n,CM-TOR-1
2237,142620,S56585,n,CM-TOR-1
2238,142621,S56588,n,CM-TOR-1
2239,142622,S56591,n,CM-TOR-1
2240,142623,S56594,n,CM-TOR-1
2241,142624,S56597,n,CM-TOR-1
2242,142625,S56600,n,CM-TOR-1
2243,142626,S56603,n,CM-TOR-1
2244,142627,S56606,n,CM-TOR-1
2245,142628,S56609,n,CM-TOR-1
2246,142629,S56612,n,CM-TOR-1
2247,142630,S56615,n,CM-TOR-1
2248,142631,S56618,n,CM-TOR-1
2249,142632,S56621,n,CM-TOR-1
2250,142633,S56624,n,CM-TOR-1
2251,142634,S56627,n,CM-TOR-1
2252,142635,S56630,n,CM-TOR-1
2253,142636,S56633,n,CM-TOR-1
2254,142637,S56636,n,CM-TOR-1
2255,142638,S56639,n,CM-TOR-1
2256,142639,S56642,n,CM-TOR-1
2257,142640,S56645,n,CM-TOR-1
2258,142641,S56648,n,CM-TOR-1
2259,142642,S56651,n,CM-TOR-1
2260,142643,S56654,n,CM-TOR-1
2261,142644,S56657,n,CM-TOR-1
2262,142645,S56660,n,CM-TOR-1
2263,142646,S56663,n,CM-TOR-1
2264,142647,S56666,n,CM-TOR-1
2265,142648,S56669,n,CM-TOR-1
2266,142649,S56672,n,CM-TOR-1
2267,142650,S56675,n,CM-TOR-1
2268,142651,S56678,n,CM-TOR-1
2269,142652,S56681,n,CM-TOR-1
2270,142653,S56684,n,CM-TOR-1
2271,142654,S56687,n,CM-TOR-1
2272,142655,S56690,n,CM-TOR-1
2273,142656,S56693,n,CM-TOR-1
2274,142657,S56696,n,CM-TOR-1
2275,142658,S56699,n,CM-TOR-1
2276,142659,S56702,n,CM-TOR-1
2277,142660,S56705,n,CM-TOR-1
2278,142661,S56708,n,CM-TOR-1
2279,142662,S56711,n,CM-TOR-1
2280,142663,S56714,n,CM-TOR-1
2281,142664,S56717,n,CM-TOR-1
2282,142665,S56720,n,CM-TOR-1
2283,142666,S56723,n,CM-TOR-1
2284,142667,S56726,n,CM-TOR-1
2285,142668,S56729,n,CM-TOR-1
2286,142669,S56732,n,CM-TOR-1
2287,142670,S56735,n,CM-TOR-1
2288,142671,S56738,n,CM-TOR-1
2289,142951,S58893,n,CM-TOR-1
2290,122-0002,S66985,n,CM-TOR-1
2291,122-0127,S63960,n,CM-TOR-1
2292,122-0233,S51944,n,CM-TOR-1
2293,122-0246,S51949,n,CM-TOR-1
2294,122-0296,S51974,n,CM-TOR-1
2295,122-5000,S65971,n,CM-TOR-1
2296,122-5001,S66034,n,CM-TOR-1
2297,122-5002,S66068,n,CM-TOR-1
2298,122-5011,S66178,n,CM-TOR-1
2299,122-5012,S66184,n,CM-TOR-1
2300,122-5017,S66235,n,CM-TOR-1
2301,122-5018,S66238,n,CM-TOR-1
2302,122-5019,S66254,n,CM-TOR-1
2303,122-5021,S66356,n,CM-TOR-1
2304,122-5027,S66768,n,CM-TOR-1
2305,122-5028,S66771,n,CM-TOR-1
2306,122-5029,S66774,n,CM-TOR-1
2307,122-5030,S66899,n,CM-TOR-1
2308,122-5031,S67017,n,CM-TOR-1
2309,122-5032,S73255,n,CM-TOR-1
2310,122-5033,S67061,n,CM-TOR-1
2311,122-5034,S67064,n,CM-TOR-1
2312,122-5035,S67067,n,CM-TOR-1
2313,122-5036,S67070,n,CM-TOR-1
2314,122-5037,S67073,n,CM-TOR-1
2315,122-5038,S67076,n,CM-TOR-1
2316,122-5040,S65723,n,CM-TOR-1
2317,122-5041,S65747,n,CM-TOR-1
2318,122-5042,S65755,n,CM-TOR-1
2319,122-5043,S65809,n,CM-TOR-1
2320,122-5044,S68398,n,CM-TOR-1
2321,122-5045,S73258,n,CM-TOR-1
2322,123-0000,S66385,n,CM-TOR-1
2323,123-5813,S52895,n,CM-TOR-1
2324,124-2061,S66471,n,CM-TOR-1
2325,124-2062,S66472,n,CM-TOR-1
2326,124-2063,S66473,n,CM-TOR-1
2327,124-2066,S66474,n,CM-TOR-1
2328,124-2068,S66663,n,CM-TOR-1
2329,124-2069,S66664,n,CM-TOR-1
2330,124-2070,S68315,n,CM-TOR-1
2331,124-2074,S68316,n,CM-TOR-1
2332,124-2121,S68317,n,CM-TOR-1
2333,124-2130,S68318,n,CM-TOR-1
2334,124-2149,S68319,n,CM-TOR-1
2335,124-2154,S68320,n,CM-TOR-1
2336,124-2164,S63350,n,CM-TOR-1
2337,124-2529,S67522,n,CM-TOR-1
2338,124-2530,S67523,n,CM-TOR-1
2339,124-2793,S67524,n,CM-TOR-1
2340,124-5071,S54827,n,CM-TOR-1
2341,124-5315,S66826,n,CM-TOR-1
2342,124-5316,S66827,n,CM-TOR-1
2343,124-5317,S66828,n,CM-TOR-1
2344,124-5318,S66829,n,CM-TOR-1
2345,124-5320,S66830,n,CM-TOR-1
2346,124-5397,S54978,n,CM-TOR-1
2347,124-6024,S53075,n,CM-TOR-1
2348,124-6133,S59172,n,CM-TOR-1
2349,124-6463,S58401,n,CM-TOR-1
2350,124-6555,S55071,n,CM-TOR-1
2351,124-6641,S55100,n,CM-TOR-1
2352,124-6677,S55116,n,CM-TOR-1
2353,124-6698,S67086,n,CM-TOR-1
2354,124-6714,S67081,n,CM-TOR-1
2355,124-6716,S67082,n,CM-TOR-1
2356,124-6717,S55128,n,CM-TOR-1
2357,124-6719,S66886,n,CM-TOR-1
2358,124-6720,S66887,n,CM-TOR-1
2359,124-6722,S66888,n,CM-TOR-1
2360,124-6723,S66889,n,CM-TOR-1
2361,124-6725,S66890,n,CM-TOR-1
2362,124-6726,S66891,n,CM-TOR-1
2363,124-6742,S55139,n,CM-TOR-1
2364,124-6743,S55140,n,CM-TOR-1
2365,124-6749,S55145,n,CM-TOR-1
2366,124-6751,S55146,n,CM-TOR-1
2367,124-7013,S62747,n,CM-TOR-1
2368,124-7018,S67848,n,CM-TOR-1
2369,124-7020,S67850,n,CM-TOR-1
2370,124-7051,S58315,n,CM-TOR-1
2371,124-7119,S67864,n,CM-TOR-1
2372,124-7125,S67866,n,CM-TOR-1
2373,124-7130,S67269,n,CM-TOR-1
2374,124-7133,S67867,n,CM-TOR-1
2375,124-7135,S67868,n,CM-TOR-1
2376,124-7139,S67869,n,CM-TOR-1
2377,124-7143,S67870,n,CM-TOR-1
2378,124-7149,S55225,n,CM-TOR-1
2379,124-7152,S67871,n,CM-TOR-1
2380,124-7154,S67872,n,CM-TOR-1
2381,124-7156,S67873,n,CM-TOR-1
2382,124-7212,S55249,n,CM-TOR-1
2383,124-7249,S56754,n,CM-TOR-1
2384,124-7266,S55278,n,CM-TOR-1
2385,124-7326,S58612,n,CM-TOR-1
2386,124-7334,S58619,n,CM-TOR-1
2387,124-7366,S66850,n,CM-TOR-1
2388,124-7380,S66864,n,CM-TOR-1
2389,124-7604,S61680,n,CM-TOR-1
2390,124-7605,S61681,n,CM-TOR-1
2391,124-7608,S61684,n,CM-TOR-1
2392,124-7609,S61685,n,CM-TOR-1
2393,124-7612,S61688,n,CM-TOR-1
2394,124-7616,S61692,n,CM-TOR-1
2395,124-7617,S61694,n,CM-TOR-1
2396,124-7618,S61695,n,CM-TOR-1
2397,124-7619,S61696,n,CM-TOR-1
2398,124-7620,S61697,n,CM-TOR-1
2399,124-7621,S61698,n,CM-TOR-1
2400,124-7622,S61699,n,CM-TOR-1
2401,124-7623,S61700,n,CM-TOR-1
2402,124-7624,S61701,n,CM-TOR-1
2403,124-7625,S61702,n,CM-TOR-1
2404,124-7626,S61703,n,CM-TOR-1
2405,124-7627,S61704,n,CM-TOR-1
2406,124-7628,S61705,n,CM-TOR-1
2407,124-7629,S61706,n,CM-TOR-1
2408,124-7630,S61707,n,CM-TOR-1
2409,124-7631,S61708,n,CM-TOR-1
2410,124-7632,S61709,n,CM-TOR-1
2411,124-7633,S61737,n,CM-TOR-1
2412,124-7634,S61738,n,CM-TOR-1
2413,124-7635,S61739,n,CM-TOR-1
2414,124-7636,S61740,n,CM-TOR-1
2415,124-7637,S61741,n,CM-TOR-1
2416,124-7638,S61742,n,CM-TOR-1
2417,124-7639,S61743,n,CM-TOR-1
2418,124-7640,S61744,n,CM-TOR-1
2419,124-7641,S61745,n,CM-TOR-1
2420,124-7642,S61746,n,CM-TOR-1
2421,124-7643,S61747,n,CM-TOR-1
2422,124-7644,S61748,n,CM-TOR-1
2423,124-7645,S61749,n,CM-TOR-1
2424,124-7646,S61750,n,CM-TOR-1
2425,124-7647,S61751,n,CM-TOR-1
2426,124-7648,S61752,n,CM-TOR-1
2427,124-7649,S61753,n,CM-TOR-1
2428,124-7650,S61754,n,CM-TOR-1
2429,124-7651,S61755,n,CM-TOR-1
2430,124-7652,S61756,n,CM-TOR-1
2431,124-7653,S61757,n,CM-TOR-1
2432,124-7654,S61758,n,CM-TOR-1
2433,124-7655,S61759,n,CM-TOR-1
2434,124-7656,S61760,n,CM-TOR-1
2435,124-7657,S61761,n,CM-TOR-1
2436,124-7658,S61762,n,CM-TOR-1
2437,124-7659,S61763,n,CM-TOR-1
2438,124-7660,S61764,n,CM-TOR-1
2439,124-7661,S61765,n,CM-TOR-1
2440,124-7662,S61766,n,CM-TOR-1
2441,124-7663,S61767,n,CM-TOR-1
2442,124-7664,S61768,n,CM-TOR-1
2443,124-9953,S52892,n,CM-TOR-1
2444,124-9954,S52893,n,CM-TOR-1
2445,124-9955,S52894,n,CM-TOR-1
2446,125-0000,S62553,n,CM-TOR-1
2447,125-0043,S67085,n,CM-TOR-1
2448,125-0045,S67285,n,CM-TOR-1
2449,125-0050,S67894,n,CM-TOR-1
2450,125-0055,S67897,n,CM-TOR-1
2451,125-0067,S67900,n,CM-TOR-1
2452,125-0086,S67903,n,CM-TOR-1
2453,125-0105,S67528,n,CM-TOR-1
2454,125-0117,S67529,n,CM-TOR-1
2455,125-0128,S67918,n,CM-TOR-1
2456,125-0130,S67921,n,CM-TOR-1
2457,125-0146,S68985,n,CM-TOR-1
2458,125-0150,S57452,n,CM-TOR-1
2459,125-0164,S68999,n,CM-TOR-1
2460,125-0190,S66290,n,CM-TOR-1
2461,125-0274,S57576,n,CM-TOR-1
2462,125-0275,S57577,n,CM-TOR-1
2463,125-0287,S57589,n,CM-TOR-1
2464,125-0292,S69097,n,CM-TOR-1
2465,125-0295,S57597,n,CM-TOR-1
2466,125-0299,S73414,n,CM-TOR-1
2467,125-0363,S57659,n,CM-TOR-1
2468,125-0385,S57681,n,CM-TOR-1
2469,125-0389,S57685,n,CM-TOR-1
2470,125-0409,S58907,n,CM-TOR-1
2471,125-0410,S58908,n,CM-TOR-1
2472,125-0458,S66684,n,CM-TOR-1
2473,125-0564,S62950,n,CM-TOR-1
2474,125-0601,S62987,n,CM-TOR-1
2475,125-0621,S63007,n,CM-TOR-1
2476,125-9961,S58604,n,CM-TOR-1
2477,126-4354,S73246,n,CM-TOR-1
2478,128-1118,S73365,n,CM-TOR-1
2479,130-1234,S47778,n,CM-TOR-1
2480,132-0004,S61862,n,CM-TOR-1
2481,132-0012,S61886,n,CM-TOR-1
2482,133-0005,S49938,n,CM-TOR-1
2483,133-0008,S49941,n,CM-TOR-1
2484,133-0019,S49952,n,CM-TOR-1
2485,133-0022,S49955,n,CM-TOR-1
2486,133-0024,S49957,n,CM-TOR-1
2487,133-0030,S49963,n,CM-TOR-1
2488,133-0032,S49965,n,CM-TOR-1
2489,133-0036,S49969,n,CM-TOR-1
2490,133-0045,S49976,n,CM-TOR-1
2491,133-0052,S49983,n,CM-TOR-1
2492,133-0053,S49984,n,CM-TOR-1
2493,133-0056,S49987,n,CM-TOR-1
2494,133-0062,S49993,n,CM-TOR-1
2495,133-0067,S49998,n,CM-TOR-1
2496,133-0069,S50000,n,CM-TOR-1
2497,133-0074,S50004,n,CM-TOR-1
2498,133-0078,S50008,n,CM-TOR-1
2499,133-0079,S50009,n,CM-TOR-1
2500,133-0082,S50012,n,CM-TOR-1
2501,133-0084,S50014,n,CM-TOR-1
2502,133-0086,S57162,n,CM-TOR-1
2503,133-0087,S50017,n,CM-TOR-1
2504,133-0089,S50019,n,CM-TOR-1
2505,133-0090,S66732,n,CM-TOR-1
2506,133-0091,S50021,n,CM-TOR-1
2507,133-0111,S68358,n,CM-TOR-1
2508,133-0113,S50043,n,CM-TOR-1
2509,133-0115,S50045,n,CM-TOR-1
2510,133-0120,S50050,n,CM-TOR-1
2511,133-0128,S50058,n,CM-TOR-1
2512,133-0130,S50060,n,CM-TOR-1
2513,133-0131,S50061,n,CM-TOR-1
2514,133-0136,S50066,n,CM-TOR-1
2515,133-0152,S53074,n,CM-TOR-1
2516,133-0153,S50082,n,CM-TOR-1
2517,133-0154,S59558,n,CM-TOR-1
2518,133-0157,S50083,n,CM-TOR-1
2519,133-0158,S43942,n,CM-TOR-1
2520,133-0159,S51273,n,CM-TOR-1
2521,133-0167,S60087,n,CM-TOR-1
2522,133-0168,S60090,n,CM-TOR-1
2523,133-0169,S60091,n,CM-TOR-1
2524,133-0170,S60092,n,CM-TOR-1
2525,133-0171,S60093,n,CM-TOR-1
2526,133-0179,S60442,n,CM-TOR-1
2527,133-0180,S60560,n,CM-TOR-1
2528,133-0182,S62101,n,CM-TOR-1
2529,133-0184,S62665,n,CM-TOR-1
2530,133-0185,S62763,n,CM-TOR-1
2531,133-0191,S68482,n,CM-TOR-1
2532,133-0192,S69017,n,CM-TOR-1
2533,133-0193,S39300,n,CM-TOR-1
2534,133-1006,S50088,n,CM-TOR-1
2535,133-1007,S50089,n,CM-TOR-1
2536,133-1008,S67854,n,CM-TOR-1
2537,133-1022,S49873,n,CM-TOR-1
2538,133-1029,S50106,n,CM-TOR-1
2539,133-1031,S50108,n,CM-TOR-1
2540,133-1039,S50115,n,CM-TOR-1
2541,133-1041,S60271,n,CM-TOR-1
2542,133-1051,S50126,n,CM-TOR-1
2543,133-1056,S50130,n,CM-TOR-1
2544,133-1059,S50132,n,CM-TOR-1
2545,133-1062,S50134,n,CM-TOR-1
2546,133-1067,S62142,n,CM-TOR-1
2547,133-1068,S62146,n,CM-TOR-1
2548,133-1072,S63321,n,CM-TOR-1
2549,133-1075,S50142,n,CM-TOR-1
2550,133-1080,S63370,n,CM-TOR-1
2551,133-1084,S63373,n,CM-TOR-1
2552,133-1099,S50160,n,CM-TOR-1
2553,133-1112,S57016,n,CM-TOR-1
2554,133-1118,S50171,n,CM-TOR-1
2555,133-1123,S50176,n,CM-TOR-1
2556,133-1128,S50181,n,CM-TOR-1
2557,133-1134,S50187,n,CM-TOR-1
2558,133-1147,S50197,n,CM-TOR-1
2559,133-1156,S50204,n,CM-TOR-1
2560,133-1160,S50206,n,CM-TOR-1
2561,133-1163,S50209,n,CM-TOR-1
2562,133-1164,S50210,n,CM-TOR-1
2563,133-1172,S49887,n,CM-TOR-1
2564,133-1178,S63328,n,CM-TOR-1
2565,133-1180,S50219,n,CM-TOR-1
2566,133-1181,S51781,n,CM-TOR-1
2567,133-1182,S63725,n,CM-TOR-1
2568,133-1183,S63878,n,CM-TOR-1
2569,133-1185,S51141,n,CM-TOR-1
2570,133-1188,S51131,n,CM-TOR-1
2571,133-1190,S51143,n,CM-TOR-1
2572,133-1191,S51144,n,CM-TOR-1
2573,133-1192,S51145,n,CM-TOR-1
2574,133-1197,S63911,n,CM-TOR-1
2575,133-1198,S63934,n,CM-TOR-1
2576,133-1199,S63966,n,CM-TOR-1
2577,133-1224,S63786,n,CM-TOR-1
2578,133-1228,S63790,n,CM-TOR-1
2579,133-1234,S63971,n,CM-TOR-1
2580,133-1235,S64007,n,CM-TOR-1
2581,133-1236,S64095,n,CM-TOR-1
2582,133-1237,S64269,n,CM-TOR-1
2583,133-1239,S64622,n,CM-TOR-1
2584,133-1241,S65090,n,CM-TOR-1
2585,133-1242,S65128,n,CM-TOR-1
2586,133-1244,S67596,n,CM-TOR-1
2587,133-2114,S66793,n,CM-TOR-1
2588,133-2222,S52445,n,CM-TOR-1
2589,133-3099,S49805,n,CM-TOR-1
2590,133-4013,S49243,n,CM-TOR-1
2591,133-4014,S49225,n,CM-TOR-1
2592,133-4021,S52506,n,CM-TOR-1
2593,133-4025,S52512,n,CM-TOR-1
2594,133-4026,S65242,n,CM-TOR-1
2595,133-4035,S49405,n,CM-TOR-1
2596,133-4036,S49150,n,CM-TOR-1
2597,133-4042,S49156,n,CM-TOR-1
2598,133-4047,S49186,n,CM-TOR-1
2599,133-4050,S49168,n,CM-TOR-1
2600,133-4053,S49396,n,CM-TOR-1
2601,133-4056,S56871,n,CM-TOR-1
2602,133-4058,S59878,n,CM-TOR-1
2603,133-4059,S60083,n,CM-TOR-1
2604,133-4062,S49384,n,CM-TOR-1
2605,133-4065,S49414,n,CM-TOR-1
2606,133-4066,S59871,n,CM-TOR-1
2607,133-4069,S49438,n,CM-TOR-1
2608,133-4070,S61134,n,CM-TOR-1
2609,133-4073,S61913,n,CM-TOR-1
2610,133-4074,S61916,n,CM-TOR-1
2611,133-4075,S61919,n,CM-TOR-1
2612,133-4076,S62126,n,CM-TOR-1
2613,133-4078,S63145,n,CM-TOR-1
2614,133-4080,S63240,n,CM-TOR-1
2615,133-4082,S64834,n,CM-TOR-1
2616,133-4086,S68347,n,CM-TOR-1
2617,133-4410,S49339,n,CM-TOR-1
2618,133-4417,S52189,n,CM-TOR-1
2619,133-4418,S62129,n,CM-TOR-1
2620,133-4701,S49306,n,CM-TOR-1
2621,133-4702,S49291,n,CM-TOR-1
2622,133-4705,S49270,n,CM-TOR-1
2623,133-4709,S49261,n,CM-TOR-1
2624,133-4712,S49273,n,CM-TOR-1
2625,133-4713,S49258,n,CM-TOR-1
2626,133-4716,S49474,n,CM-TOR-1
2627,133-4717,S52472,n,CM-TOR-1
2628,133-4731,S66796,n,CM-TOR-1
2629,133-4950,S49366,n,CM-TOR-1
2630,133-4953,S58727,n,CM-TOR-1
2631,133-4996,S51685,n,CM-TOR-1
2632,133-4997,S51689,n,CM-TOR-1
2633,133-4998,S51681,n,CM-TOR-1
2634,133-5000,S67091,n,CM-TOR-1
2635,135-0000,S72877,n,CM-TOR-1
2636,139-4017,S64937,n,CM-TOR-1
2637,139-6000,S65016,n,CM-TOR-1
2638,139-6001,S65019,n,CM-TOR-1
2639,139-6002,S65022,n,CM-TOR-1
2640,139-6003,S65025,n,CM-TOR-1
2641,139-6004,S65028,n,CM-TOR-1
2642,139-6005,S65031,n,CM-TOR-1
2643,154-0084,S75361,n,CM-TOR-1
2644,154-0085,S75364,n,CM-TOR-1
2645,154-0248,S75853,n,CM-TOR-1
2646,154-0267,S75910,n,CM-TOR-1
2647,154-0268,S75913,n,CM-TOR-1
2648,154-0269,S75916,n,CM-TOR-1
2649,154-0270,S75919,n,CM-TOR-1
2650,154-0271,S75922,n,CM-TOR-1
2651,154-0272,S75925,n,CM-TOR-1
2652,154-0273,S75928,n,CM-TOR-1
2653,154-0274,S75931,n,CM-TOR-1
2654,154-0275,S75934,n,CM-TOR-1
2655,154-0276,S75937,n,CM-TOR-1
2656,154-0277,S75940,n,CM-TOR-1
2657,154-0278,S75943,n,CM-TOR-1
2658,154-0279,S75946,n,CM-TOR-1
2659,154-0280,S75949,n,CM-TOR-1
2660,154-0281,S75952,n,CM-TOR-1
2661,154-0282,S75955,n,CM-TOR-1
2662,154-0283,S75958,n,CM-TOR-1
2663,154-0284,S75961,n,CM-TOR-1
2664,154-0285,S75964,n,CM-TOR-1
2665,154-0286,S75967,n,CM-TOR-1
2666,154-0287,S75970,n,CM-TOR-1
2667,154-0288,S75973,n,CM-TOR-1
2668,154-0289,S75976,n,CM-TOR-1
2669,154-0290,S75979,n,CM-TOR-1
2670,154-0291,S75982,n,CM-TOR-1
2671,154-0292,S75985,n,CM-TOR-1
2672,154-0293,S75988,n,CM-TOR-1
2673,154-0294,S75991,n,CM-TOR-1
2674,154-0295,S75994,n,CM-TOR-1
2675,154-0296,S75997,n,CM-TOR-1
2676,154-0297,S76000,n,CM-TOR-1
2677,154-0298,S76003,n,CM-TOR-1
2678,154-0299,S76006,n,CM-TOR-1
2679,154-0300,S76009,n,CM-TOR-1
2680,154-0301,S76012,n,CM-TOR-1
2681,154-0302,S76015,n,CM-TOR-1
2682,154-0303,S76018,n,CM-TOR-1
2683,154-0304,S76021,n,CM-TOR-1
2684,154-0305,S76024,n,CM-TOR-1
2685,154-0306,S76027,n,CM-TOR-1
2686,154-0307,S76030,n,CM-TOR-1
2687,154-0308,S76033,n,CM-TOR-1
2688,154-0309,S76036,n,CM-TOR-1
2689,154-0310,S76039,n,CM-TOR-1
2690,154-0311,S76042,n,CM-TOR-1
2691,154-0312,S76045,n,CM-TOR-1
2692,154-0313,S76048,n,CM-TOR-1
2693,154-0314,S76051,n,CM-TOR-1
2694,154-0315,S76054,n,CM-TOR-1
2695,154-0316,S76057,n,CM-TOR-1
2696,154-0317,S76060,n,CM-TOR-1
2697,154-0318,S76063,n,CM-TOR-1
2698,154-0319,S76066,n,CM-TOR-1
2699,154-0320,S76069,n,CM-TOR-1
2700,154-0321,S76072,n,CM-TOR-1
2701,154-0322,S76075,n,CM-TOR-1
2702,154-0323,S76078,n,CM-TOR-1
2703,154-0324,S76081,n,CM-TOR-1
2704,154-0325,S76084,n,CM-TOR-1
2705,154-0326,S76087,n,CM-TOR-1
2706,154-0327,S76090,n,CM-TOR-1
2707,154-0328,S76093,n,CM-TOR-1
2708,154-0329,S76096,n,CM-TOR-1
2709,154-0330,S76099,n,CM-TOR-1
2710,154-0331,S76102,n,CM-TOR-1
2711,154-0332,S76105,n,CM-TOR-1
2712,154-0333,S76108,n,CM-TOR-1
2713,154-0334,S76111,n,CM-TOR-1
2714,154-0335,S76114,n,CM-TOR-1
2715,154-0336,S76117,n,CM-TOR-1
2716,154-0337,S76120,n,CM-TOR-1
2717,154-0338,S76123,n,CM-TOR-1
2718,154-0339,S76126,n,CM-TOR-1
2719,154-0340,S76129,n,CM-TOR-1
2720,154-0341,S76132,n,CM-TOR-1
2721,154-0342,S76135,n,CM-TOR-1
2722,154-0343,S76138,n,CM-TOR-1
2723,154-0344,S76141,n,CM-TOR-1
2724,154-0345,S76144,n,CM-TOR-1
2725,154-0346,S76147,n,CM-TOR-1
2726,154-0347,S76150,n,CM-TOR-1
2727,154-0348,S76153,n,CM-TOR-1
2728,154-0349,S76156,n,CM-TOR-1
2729,154-0350,S76159,n,CM-TOR-1
2730,154-0351,S76162,n,CM-TOR-1
2731,154-0352,S76165,n,CM-TOR-1
2732,154-0353,S76168,n,CM-TOR-1
2733,154-0354,S76171,n,CM-TOR-1
2734,154-0355,S76174,n,CM-TOR-1
2735,154-0356,S76177,n,CM-TOR-1
2736,154-0357,S76180,n,CM-TOR-1
2737,154-0358,S76183,n,CM-TOR-1
2738,154-0359,S76186,n,CM-TOR-1
2739,154-0360,S76189,n,CM-TOR-1
2740,154-0361,S76192,n,CM-TOR-1
2741,154-0362,S76195,n,CM-TOR-1
2742,154-0363,S76198,n,CM-TOR-1
2743,154-0364,S76201,n,CM-TOR-1
2744,154-0365,S76204,n,CM-TOR-1
2745,154-0366,S76207,n,CM-TOR-1
2746,154-0367,S76210,n,CM-TOR-1
2747,154-0368,S76213,n,CM-TOR-1
2748,154-0369,S76216,n,CM-TOR-1
2749,154-0370,S76219,n,CM-TOR-1
2750,154-0371,S76222,n,CM-TOR-1
2751,154-0372,S76225,n,CM-TOR-1
2752,154-0373,S76228,n,CM-TOR-1
2753,154-0374,S76231,n,CM-TOR-1
2754,154-0375,S76234,n,CM-TOR-1
2755,154-0376,S76237,n,CM-TOR-1
2756,154-0377,S76240,n,CM-TOR-1
2757,154-0378,S76243,n,CM-TOR-1
2758,154-0379,S76246,n,CM-TOR-1
2759,154-0380,S76249,n,CM-TOR-1
2760,154-0381,S76252,n,CM-TOR-1
2761,154-0382,S76255,n,CM-TOR-1
2762,154-0383,S76258,n,CM-TOR-1
2763,154-0384,S76261,n,CM-TOR-1
2764,154-0385,S76264,n,CM-TOR-1
2765,154-0386,S76267,n,CM-TOR-1
2766,154-0387,S76270,n,CM-TOR-1
2767,154-0388,S76273,n,CM-TOR-1
2768,154-0389,S76276,n,CM-TOR-1
2769,154-0390,S76279,n,CM-TOR-1
2770,154-0391,S76282,n,CM-TOR-1
2771,154-0392,S76285,n,CM-TOR-1
2772,154-0393,S76288,n,CM-TOR-1
2773,154-0394,S76291,n,CM-TOR-1
2774,154-0395,S76294,n,CM-TOR-1
2775,154-0396,S76297,n,CM-TOR-1
2776,154-0397,S76300,n,CM-TOR-1
2777,154-0398,S76303,n,CM-TOR-1
2778,154-0399,S76306,n,CM-TOR-1
2779,154-0400,S76309,n,CM-TOR-1
2780,154-0401,S76312,n,CM-TOR-1
2781,154-0402,S76315,n,CM-TOR-1
2782,154-0403,S76318,n,CM-TOR-1
2783,154-0404,S76321,n,CM-TOR-1
2784,154-0405,S76324,n,CM-TOR-1
2785,154-0406,S76327,n,CM-TOR-1
2786,154-0407,S76330,n,CM-TOR-1
2787,154-0408,S76333,n,CM-TOR-1
2788,154-0409,S76336,n,CM-TOR-1
2789,154-0410,S76339,n,CM-TOR-1
2790,154-0411,S76342,n,CM-TOR-1
2791,154-0412,S76345,n,CM-TOR-1
2792,154-0413,S76348,n,CM-TOR-1
2793,154-0414,S76351,n,CM-TOR-1
2794,154-0415,S76354,n,CM-TOR-1
2795,154-0416,S76357,n,CM-TOR-1
2796,154-0417,S76360,n,CM-TOR-1
2797,154-0418,S76363,n,CM-TOR-1
2798,154-0419,S76366,n,CM-TOR-1
2799,154-0420,S76369,n,CM-TOR-1
2800,154-0421,S76372,n,CM-TOR-1
2801,154-0422,S76375,n,CM-TOR-1
2802,154-0423,S76378,n,CM-TOR-1
2803,154-0424,S76381,n,CM-TOR-1
2804,154-0425,S76384,n,CM-TOR-1
2805,154-0426,S76387,n,CM-TOR-1
2806,154-0427,S76390,n,CM-TOR-1
2807,154-0428,S76393,n,CM-TOR-1
2808,154-0429,S76396,n,CM-TOR-1
2809,154-0430,S76399,n,CM-TOR-1
2810,154-0431,S76402,n,CM-TOR-1
2811,154-0432,S76405,n,CM-TOR-1
2812,154-0433,S76408,n,CM-TOR-1
2813,154-0434,S76411,n,CM-TOR-1
2814,154-0435,S76414,n,CM-TOR-1
2815,154-0436,S76417,n,CM-TOR-1
2816,154-0437,S76420,n,CM-TOR-1
2817,154-0438,S76423,n,CM-TOR-1
2818,154-0439,S76426,n,CM-TOR-1
2819,154-0440,S76429,n,CM-TOR-1
2820,154-0441,S76432,n,CM-TOR-1
2821,154-0442,S76435,n,CM-TOR-1
2822,154-0443,S76438,n,CM-TOR-1
2823,154-0444,S76441,n,CM-TOR-1
2824,154-0445,S76444,n,CM-TOR-1
2825,154-0446,S76447,n,CM-TOR-1
2826,154-0447,S76450,n,CM-TOR-1
2827,154-0448,S76453,n,CM-TOR-1
2828,154-0449,S76456,n,CM-TOR-1
2829,154-0450,S76459,n,CM-TOR-1
2830,154-0451,S76462,n,CM-TOR-1
2831,154-0452,S76465,n,CM-TOR-1
2832,154-0453,S76468,n,CM-TOR-1
2833,154-0454,S76471,n,CM-TOR-1
2834,154-0455,S76474,n,CM-TOR-1
2835,154-0456,S76477,n,CM-TOR-1
2836,154-0457,S76480,n,CM-TOR-1
2837,154-0458,S76483,n,CM-TOR-1
2838,154-0459,S76486,n,CM-TOR-1
2839,154-0460,S76489,n,CM-TOR-1
2840,154-0461,S76492,n,CM-TOR-1
2841,154-0462,S76495,n,CM-TOR-1
2842,154-0463,S76498,n,CM-TOR-1
2843,154-0464,S76501,n,CM-TOR-1
2844,154-0465,S76504,n,CM-TOR-1
2845,154-0466,S76507,n,CM-TOR-1
2846,154-0467,S76510,n,CM-TOR-1
2847,154-0468,S76513,n,CM-TOR-1
2848,154-0469,S76516,n,CM-TOR-1
2849,154-0470,S76519,n,CM-TOR-1
2850,154-0471,S76522,n,CM-TOR-1
2851,154-0472,S76525,n,CM-TOR-1
2852,154-0473,S76528,n,CM-TOR-1
2853,154-0474,S76531,n,CM-TOR-1
2854,154-0475,S76534,n,CM-TOR-1
2855,154-0476,S76537,n,CM-TOR-1
2856,154-0477,S76540,n,CM-TOR-1
2857,154-0478,S76543,n,CM-TOR-1
2858,154-0479,S76546,n,CM-TOR-1
2859,154-0480,S76549,n,CM-TOR-1
2860,154-0481,S76552,n,CM-TOR-1
2861,154-0482,S76555,n,CM-TOR-1
2862,154-0483,S76558,n,CM-TOR-1
2863,154-0484,S76561,n,CM-TOR-1
2864,154-0485,S76564,n,CM-TOR-1
2865,154-0486,S76567,n,CM-TOR-1
2866,154-0487,S76570,n,CM-TOR-1
2867,154-0488,S76573,n,CM-TOR-1
2868,154-0489,S76576,n,CM-TOR-1
2869,154-0490,S76579,n,CM-TOR-1
2870,154-0491,S76582,n,CM-TOR-1
2871,154-0492,S76585,n,CM-TOR-1
2872,154-0493,S76588,n,CM-TOR-1
2873,154-0494,S76591,n,CM-TOR-1
2874,154-0495,S76594,n,CM-TOR-1
2875,154-0496,S76597,n,CM-TOR-1
2876,154-0497,S76600,n,CM-TOR-1
2877,154-0498,S76603,n,CM-TOR-1
2878,154-0499,S76606,n,CM-TOR-1
2879,154-0500,S76609,n,CM-TOR-1
2880,154-0501,S76612,n,CM-TOR-1
2881,154-0502,S76615,n,CM-TOR-1
2882,154-0503,S76618,n,CM-TOR-1
2883,154-0504,S76621,n,CM-TOR-1
2884,154-0505,S76624,n,CM-TOR-1
2885,154-0506,S76627,n,CM-TOR-1
2886,154-0507,S76630,n,CM-TOR-1
2887,154-0508,S76633,n,CM-TOR-1
2888,154-0509,S76636,n,CM-TOR-1
2889,154-0510,S76639,n,CM-TOR-1
2890,154-0511,S76642,n,CM-TOR-1
2891,154-0512,S76645,n,CM-TOR-1
2892,154-0513,S76648,n,CM-TOR-1
2893,154-0514,S76651,n,CM-TOR-1
2894,154-0515,S76654,n,CM-TOR-1
2895,154-0516,S76657,n,CM-TOR-1
2896,154-0517,S76660,n,CM-TOR-1
2897,154-0518,S76663,n,CM-TOR-1
2898,154-0519,S76666,n,CM-TOR-1
2899,154-0520,S76669,n,CM-TOR-1
2900,154-0521,S76672,n,CM-TOR-1
2901,154-0522,S76675,n,CM-TOR-1
2902,154-0523,S76678,n,CM-TOR-1
2903,154-0524,S76681,n,CM-TOR-1
2904,154-0525,S76684,n,CM-TOR-1
2905,154-0526,S76687,n,CM-TOR-1
2906,154-0527,S76690,n,CM-TOR-1
2907,154-0528,S76693,n,CM-TOR-1
2908,154-0529,S76696,n,CM-TOR-1
2909,154-0530,S76699,n,CM-TOR-1
2910,154-0531,S76702,n,CM-TOR-1
2911,154-0532,S76705,n,CM-TOR-1
2912,154-0533,S76708,n,CM-TOR-1
2913,154-0534,S76711,n,CM-TOR-1
2914,154-0535,S76714,n,CM-TOR-1
2915,154-0536,S76717,n,CM-TOR-1
2916,154-0537,S76720,n,CM-TOR-1
2917,154-0538,S76723,n,CM-TOR-1
2918,154-0539,S76726,n,CM-TOR-1
2919,154-0540,S76729,n,CM-TOR-1
2920,154-0541,S76732,n,CM-TOR-1
2921,154-0542,S76735,n,CM-TOR-1
2922,154-0543,S76738,n,CM-TOR-1
2923,154-0544,S76741,n,CM-TOR-1
2924,154-0545,S76744,n,CM-TOR-1
2925,154-0546,S76747,n,CM-TOR-1
2926,154-0547,S76750,n,CM-TOR-1
2927,154-0548,S76753,n,CM-TOR-1
2928,154-0549,S76756,n,CM-TOR-1
2929,154-0550,S76759,n,CM-TOR-1
2930,154-0551,S76762,n,CM-TOR-1
2931,154-0552,S76765,n,CM-TOR-1
2932,154-0553,S76768,n,CM-TOR-1
2933,154-0554,S76771,n,CM-TOR-1
2934,154-0555,S76774,n,CM-TOR-1
2935,154-0556,S76777,n,CM-TOR-1
2936,154-0557,S76780,n,CM-TOR-1
2937,154-0558,S76783,n,CM-TOR-1
2938,154-0559,S76786,n,CM-TOR-1
2939,154-0560,S76789,n,CM-TOR-1
2940,154-0561,S76792,n,CM-TOR-1
2941,154-0562,S76795,n,CM-TOR-1
2942,154-0563,S76798,n,CM-TOR-1
2943,154-0564,S76801,n,CM-TOR-1
2944,154-0565,S76804,n,CM-TOR-1
2945,154-0566,S76807,n,CM-TOR-1
2946,154-0567,S76810,n,CM-TOR-1
2947,154-0568,S76813,n,CM-TOR-1
2948,154-0569,S76816,n,CM-TOR-1
2949,154-0570,S76819,n,CM-TOR-1
2950,154-0571,S76822,n,CM-TOR-1
2951,154-0572,S76825,n,CM-TOR-1
2952,154-0573,S76828,n,CM-TOR-1
2953,154-0574,S76831,n,CM-TOR-1
2954,154-0575,S76834,n,CM-TOR-1
2955,154-0576,S76837,n,CM-TOR-1
2956,154-0577,S76840,n,CM-TOR-1
2957,154-0578,S76843,n,CM-TOR-1
2958,154-0579,S76846,n,CM-TOR-1
2959,154-0580,S76849,n,CM-TOR-1
2960,154-0581,S76852,n,CM-TOR-1
2961,154-0582,S76855,n,CM-TOR-1
2962,154-0583,S76858,n,CM-TOR-1
2963,154-0584,S76861,n,CM-TOR-1
2964,154-0585,S76864,n,CM-TOR-1
2965,154-0586,S76867,n,CM-TOR-1
2966,154-0587,S76870,n,CM-TOR-1
2967,154-0588,S76873,n,CM-TOR-1
2968,154-0589,S76876,n,CM-TOR-1
2969,154-0590,S76879,n,CM-TOR-1
2970,154-0591,S76882,n,CM-TOR-1
2971,154-0592,S76885,n,CM-TOR-1
2972,154-0593,S76888,n,CM-TOR-1
2973,154-0594,S76891,n,CM-TOR-1
2974,154-0595,S76894,n,CM-TOR-1
2975,154-0596,S76897,n,CM-TOR-1
2976,154-0597,S76900,n,CM-TOR-1
2977,154-0598,S76903,n,CM-TOR-1
2978,154-0599,S76906,n,CM-TOR-1
2979,154-0600,S76909,n,CM-TOR-1
2980,154-0601,S76912,n,CM-TOR-1
2981,154-0602,S76915,n,CM-TOR-1
2982,154-0603,S76918,n,CM-TOR-1
2983,154-0604,S76921,n,CM-TOR-1
2984,154-0605,S76924,n,CM-TOR-1
2985,154-0606,S76927,n,CM-TOR-1
2986,154-0607,S76930,n,CM-TOR-1
2987,154-0608,S76933,n,CM-TOR-1
2988,154-0609,S76936,n,CM-TOR-1
2989,154-0610,S76939,n,CM-TOR-1
2990,154-0611,S76942,n,CM-TOR-1
2991,154-0612,S76945,n,CM-TOR-1
2992,154-0613,S76948,n,CM-TOR-1
2993,154-0614,S76951,n,CM-TOR-1
2994,154-0615,S76954,n,CM-TOR-1
2995,154-0616,S76957,n,CM-TOR-1
2996,154-0617,S76960,n,CM-TOR-1
2997,154-0618,S76963,n,CM-TOR-1
2998,154-0619,S76966,n,CM-TOR-1
2999,154-0620,S76969,n,CM-TOR-1
3000,154-0621,S76972,n,CM-TOR-1
3001,154-0622,S76975,n,CM-TOR-1
3002,154-0623,S76978,n,CM-TOR-1
3003,154-0624,S76981,n,CM-TOR-1
3004,154-0625,S76984,n,CM-TOR-1
3005,154-0626,S76987,n,CM-TOR-1
3006,154-0627,S76990,n,CM-TOR-1
3007,154-0628,S76993,n,CM-TOR-1
3008,154-0629,S76996,n,CM-TOR-1
3009,154-0630,S76999,n,CM-TOR-1
3010,154-0631,S77002,n,CM-TOR-1
3011,154-0632,S77005,n,CM-TOR-1
3012,154-0633,S77008,n,CM-TOR-1
3013,154-0634,S77011,n,CM-TOR-1
3014,154-0635,S77014,n,CM-TOR-1
3015,154-0636,S77017,n,CM-TOR-1
3016,154-0637,S77020,n,CM-TOR-1
3017,154-0638,S77023,n,CM-TOR-1
3018,154-0639,S77026,n,CM-TOR-1
3019,154-0640,S77029,n,CM-TOR-1
3020,154-0641,S77032,n,CM-TOR-1
3021,154-0642,S77035,n,CM-TOR-1
3022,154-0643,S77038,n,CM-TOR-1
3023,154-0644,S77041,n,CM-TOR-1
3024,154-0645,S77044,n,CM-TOR-1
3025,154-0646,S77047,n,CM-TOR-1
3026,154-0647,S77050,n,CM-TOR-1
3027,154-0648,S77053,n,CM-TOR-1
3028,154-0649,S77056,n,CM-TOR-1
3029,154-0650,S77059,n,CM-TOR-1
3030,154-0651,S77062,n,CM-TOR-1
3031,154-0652,S77065,n,CM-TOR-1
3032,154-0653,S77068,n,CM-TOR-1
3033,154-0654,S77071,n,CM-TOR-1
3034,154-0655,S77074,n,CM-TOR-1
3035,154-0656,S77077,n,CM-TOR-1
3036,154-0657,S77080,n,CM-TOR-1
3037,154-0658,S77083,n,CM-TOR-1
3038,154-0659,S77086,n,CM-TOR-1
3039,154-0660,S77089,n,CM-TOR-1
3040,154-0661,S77092,n,CM-TOR-1
3041,154-0662,S77095,n,CM-TOR-1
3042,154-0663,S77098,n,CM-TOR-1
3043,154-0664,S77101,n,CM-TOR-1
3044,154-0665,S77104,n,CM-TOR-1
3045,154-0666,S77107,n,CM-TOR-1
3046,154-0667,S77110,n,CM-TOR-1
3047,154-0668,S77113,n,CM-TOR-1
3048,154-0669,S77116,n,CM-TOR-1
3049,154-0670,S77119,n,CM-TOR-1
3050,154-0671,S77122,n,CM-TOR-1
3051,154-0672,S77125,n,CM-TOR-1
3052,154-0673,S77128,n,CM-TOR-1
3053,154-0674,S77131,n,CM-TOR-1
3054,154-0675,S77134,n,CM-TOR-1
3055,154-0676,S77137,n,CM-TOR-1
3056,154-0677,S77140,n,CM-TOR-1
3057,154-0678,S77143,n,CM-TOR-1
3058,154-0679,S77146,n,CM-TOR-1
3059,154-0680,S77149,n,CM-TOR-1
3060,154-0681,S77152,n,CM-TOR-1
3061,154-0682,S77155,n,CM-TOR-1
3062,154-0683,S77158,n,CM-TOR-1
3063,154-0684,S77161,n,CM-TOR-1
3064,154-0685,S77164,n,CM-TOR-1
3065,154-0686,S77167,n,CM-TOR-1
3066,154-0687,S77170,n,CM-TOR-1
3067,154-0688,S77173,n,CM-TOR-1
3068,154-0689,S77176,n,CM-TOR-1
3069,154-0690,S77179,n,CM-TOR-1
3070,154-0691,S77182,n,CM-TOR-1
3071,154-0692,S77185,n,CM-TOR-1
3072,154-0693,S77188,n,CM-TOR-1
3073,154-0694,S77191,n,CM-TOR-1
3074,154-0695,S77194,n,CM-TOR-1
3075,154-0696,S77197,n,CM-TOR-1
3076,154-0697,S77200,n,CM-TOR-1
3077,154-0698,S77203,n,CM-TOR-1
3078,154-0699,S77206,n,CM-TOR-1
3079,154-0700,S77209,n,CM-TOR-1
3080,154-0701,S77212,n,CM-TOR-1
3081,154-0702,S77215,n,CM-TOR-1
3082,154-0703,S77218,n,CM-TOR-1
3083,154-0704,S77221,n,CM-TOR-1
3084,154-0705,S77224,n,CM-TOR-1
3085,154-0706,S77227,n,CM-TOR-1
3086,154-0707,S77230,n,CM-TOR-1
3087,154-0708,S77233,n,CM-TOR-1
3088,154-0709,S77236,n,CM-TOR-1
3089,154-0710,S77239,n,CM-TOR-1
3090,154-0711,S77242,n,CM-TOR-1
3091,154-0712,S77245,n,CM-TOR-1
3092,154-0713,S77248,n,CM-TOR-1
3093,154-0714,S77251,n,CM-TOR-1
3094,154-0715,S77254,n,CM-TOR-1
3095,154-0716,S77257,n,CM-TOR-1
3096,154-0717,S77260,n,CM-TOR-1
3097,154-0718,S77263,n,CM-TOR-1
3098,154-0719,S77266,n,CM-TOR-1
3099,154-0720,S77269,n,CM-TOR-1
3100,154-0721,S77272,n,CM-TOR-1
3101,154-0722,S77275,n,CM-TOR-1
3102,154-0723,S77278,n,CM-TOR-1
3103,154-0724,S77281,n,CM-TOR-1
3104,154-0725,S77284,n,CM-TOR-1
3105,154-0726,S77287,n,CM-TOR-1
3106,154-0727,S77290,n,CM-TOR-1
3107,154-0728,S77293,n,CM-TOR-1
3108,154-0729,S77296,n,CM-TOR-1
3109,154-0730,S77299,n,CM-TOR-1
3110,154-0731,S77302,n,CM-TOR-1
3111,154-0732,S77305,n,CM-TOR-1
3112,154-0733,S77308,n,CM-TOR-1
3113,154-0734,S77311,n,CM-TOR-1
3114,154-0735,S77314,n,CM-TOR-1
3115,154-0736,S77317,n,CM-TOR-1
3116,154-0737,S77320,n,CM-TOR-1
3117,154-0738,S77323,n,CM-TOR-1
3118,154-0739,S77326,n,CM-TOR-1
3119,154-0740,S77329,n,CM-TOR-1
3120,154-0741,S77332,n,CM-TOR-1
3121,154-0742,S77335,n,CM-TOR-1
3122,154-0743,S77338,n,CM-TOR-1
3123,154-0744,S77341,n,CM-TOR-1
3124,154-0745,S77344,n,CM-TOR-1
3125,154-0746,S77347,n,CM-TOR-1
3126,154-0747,S77350,n,CM-TOR-1
3127,154-0748,S77353,n,CM-TOR-1
3128,154-0749,S77356,n,CM-TOR-1
3129,154-0750,S77359,n,CM-TOR-1
3130,154-0751,S77362,n,CM-TOR-1
3131,154-0752,S77365,n,CM-TOR-1
3132,154-0753,S77368,n,CM-TOR-1
3133,154-0754,S77371,n,CM-TOR-1
3134,154-0755,S77374,n,CM-TOR-1
3135,154-0756,S77377,n,CM-TOR-1
3136,154-0757,S77380,n,CM-TOR-1
3137,154-0758,S77383,n,CM-TOR-1
3138,154-0759,S77386,n,CM-TOR-1
3139,154-0760,S77389,n,CM-TOR-1
3140,154-0761,S77392,n,CM-TOR-1
3141,154-0762,S77395,n,CM-TOR-1
3142,154-0763,S77398,n,CM-TOR-1
3143,154-0764,S77401,n,CM-TOR-1
3144,154-0765,S77404,n,CM-TOR-1
3145,154-0766,S77407,n,CM-TOR-1
3146,154-0767,S77410,n,CM-TOR-1
3147,154-0768,S77413,n,CM-TOR-1
3148,154-0769,S77416,n,CM-TOR-1
3149,154-0770,S77419,n,CM-TOR-1
3150,154-0771,S77422,n,CM-TOR-1
3151,154-0772,S77425,n,CM-TOR-1
3152,154-0773,S77428,n,CM-TOR-1
3153,154-0774,S77431,n,CM-TOR-1
3154,154-0775,S77434,n,CM-TOR-1
3155,154-0776,S77437,n,CM-TOR-1
3156,154-0777,S77440,n,CM-TOR-1
3157,154-0778,S77443,n,CM-TOR-1
3158,154-0779,S77446,n,CM-TOR-1
3159,154-0780,S77449,n,CM-TOR-1
3160,154-0781,S77452,n,CM-TOR-1
3161,154-0782,S77455,n,CM-TOR-1
3162,154-0783,S77458,n,CM-TOR-1
3163,154-0784,S77461,n,CM-TOR-1
3164,154-0785,S77464,n,CM-TOR-1
3165,154-0786,S77467,n,CM-TOR-1
3166,154-0787,S77470,n,CM-TOR-1
3167,154-0788,S77473,n,CM-TOR-1
3168,154-0789,S77476,n,CM-TOR-1
3169,154-0790,S77479,n,CM-TOR-1
3170,154-0791,S77482,n,CM-TOR-1
3171,154-0792,S77485,n,CM-TOR-1
3172,154-0793,S77488,n,CM-TOR-1
3173,154-0794,S77491,n,CM-TOR-1
3174,154-0795,S77494,n,CM-TOR-1
3175,154-0796,S77497,n,CM-TOR-1
3176,154-0797,S77500,n,CM-TOR-1
3177,154-0798,S77503,n,CM-TOR-1
3178,154-0799,S77506,n,CM-TOR-1
3179,154-1234,S61139,n,CM-TOR-1
3180,155-0086,S67151,n,CM-TOR-1
3181,155-0111,S67159,n,CM-TOR-1
3182,155-0273,S67203,n,CM-TOR-1
3183,155-0278,S67204,n,CM-TOR-1
3184,155-0378,S67212,n,CM-TOR-1
3185,156-9012,S68335,n,CM-TOR-1
3186,187-3004,S61238,n,CM-TOR-1
3187,189-3004,S61239,n,CM-TOR-1
3188,189-3005,S51609,n,CM-TOR-1
3189,189-3006,S51610,n,CM-TOR-1
3190,189-3007,S51611,n,CM-TOR-1
3191,189-3008,S51612,n,CM-TOR-1
3192,189-3009,S51613,n,CM-TOR-1
3193,189-3055,S61542,n,CM-TOR-1
3194,189-3057,S65477,n,CM-TOR-1
3195,189-3058,S64580,n,CM-TOR-1
3196,189-3059,S64594,n,CM-TOR-1
3197,189-3060,S67079,n,CM-TOR-1
3198,189-3061,S68351,n,CM-TOR-1
3199,189-3900,S55519,n,CM-TOR-1
3200,189-4000,S52371,n,CM-TOR-1
